Index,Variant,"Region, subregion, country or area *",Notes,Country code,Type,Parent code,Reference date (as of 1 July),0,1,2,3,4,5,6,7,8,9,10,11,12,13,14,15,16,17,18,19,20,21,22,23,24,25,26,27,28,29,30,31,32,33,34,35,36,37,38,39,40,41,42,43,44,45,46,47,48,49,50,51,52,53,54,55,56,57,58,59,60,61,62,63,64,65,66,67,68,69,70,71,72,73,74,75,76,77,78,79,80,81,82,83,84,85,86,87,88,89,90,91,92,93,94,95,96,97,98,99,100
8236,Estimates,Afghanistan,,4,Country/Area,5501,2020,1169,1148,1131,1118,1106,1097,1090,1083,1076,1070,1063,1056,1045,1026,1002,978,952,926,900,873,846,818,788,755,720,685,651,619,590,565,539,515,493,474,458,442,427,412,396,379,362,347,332,316,302,287,273,260,248,237,226,216,206,197,187,178,170,161,153,145,137,130,122,115,108,101,95,88,83,78,73,68,63,57,51,44,38,33,28,25,21,18,15,12,10,8,6,5,3,3,2,1,1,1,0,0,0,0,0,0,0
16543,Estimates,Albania,,8,Country/Area,925,2020,31,33,34,34,34,34,34,34,33,33,32,31,31,33,35,37,39,40,42,43,44,45,46,47,48,48,49,49,49,48,48,47,46,43,40,38,35,32,31,31,30,30,30,31,31,32,33,34,35,35,36,36,37,37,39,40,40,41,41,40,40,39,38,36,34,32,30,29,27,26,24,23,21,20,20,19,18,18,16,15,14,12,11,9,8,7,6,4,4,3,2,2,1,1,1,0,0,0,0,0,0
5822,Estimates,Algeria,,12,Country/Area,912,2020,1011,1015,1014,1007,994,977,956,930,902,871,838,807,770,726,680,636,593,564,555,562,569,578,594,616,643,671,701,724,737,741,745,747,748,746,742,735,727,714,696,674,651,627,603,578,554,530,505,483,466,452,438,425,413,399,386,374,362,349,335,319,303,287,274,265,258,251,245,234,217,196,176,156,140,129,123,116,110,103,96,89,82,76,69,62,54,47,40,34,28,23,17,12,10,8,4,3,2,2,1,1,1
3408,Estimates,Angola,,24,Country/Area,911,2020,1211,1186,1160,1133,1106,1078,1050,1021,992,962,933,903,872,838,804,769,736,704,675,648,623,597,574,554,535,517,501,484,468,453,438,424,409,393,377,361,346,331,317,303,290,277,265,254,245,237,229,219,206,192,178,163,153,148,146,144,142,139,131,122,113,104,96,88,81,73,65,59,55,52,49,46,43,39,35,31,27,23,20,18,16,14,12,10,8,6,5,4,3,2,1,1,1,1,0,0,0,0,0,0,0
10579,Estimates,Antigua and Barbuda,,28,Country/Area,915,2020,1,1,1,1,1,1,1,1,1,1,1,1,1,1,1,1,1,1,1,1,1,2,2,2,2,1,1,1,1,1,1,1,1,1,1,1,1,1,1,1,1,1,1,1,1,1,1,1,1,1,1,1,1,1,1,1,1,1,1,1,1,1,1,1,1,1,1,1,1,1,1,1,1,0,0,0,0,0,0,0,0,0,0,0,0,0,0,0,0,0,0,0,0,0,0,0,0,0,0,0,0
12496,Estimates,Argentina,,32,Country/Area,931,2020,741,746,749,751,750,749,746,743,738,734,728,722,718,715,714,712,711,709,706,702,698,693,692,695,700,704,709,710,704,693,683,673,663,654,645,636,625,618,619,624,627,632,628,613,589,567,544,523,508,496,482,469,457,450,444,438,433,427,418,407,397,386,376,367,358,349,340,330,319,307,294,282,269,254,238,223,207,192,178,165,152,139,126,115,103,93,83,73,63,54,44,37,31,24,16,11,9,7,5,3,4
6390,Estimates,Armenia,,51,Country/Area,922,2020,39,40,41,42,43,43,43,43,43,42,42,41,40,39,37,36,35,34,33,33,33,33,34,36,39,42,44,47,49,51,52,54,55,54,53,51,49,47,46,44,42,40,38,36,35,34,33,32,32,32,31,31,32,33,35,37,39,40,41,41,41,42,41,38,35,32,28,25,23,22,20,19,17,15,13,10,8,7,8,9,11,13,14,12,10,8,5,4,3,3,3,2,2,1,1,0,0,0,0,0,0
10650,Estimates,Aruba,13,533,Country/Area,915,2020,1,1,1,1,1,1,1,1,1,1,1,1,1,1,1,1,1,1,1,1,1,2,2,2,2,2,2,2,1,1,1,1,1,1,1,1,1,1,1,1,1,1,1,1,1,1,1,2,2,2,2,2,2,2,2,2,2,2,2,2,2,2,2,1,1,1,1,1,1,1,1,1,1,1,1,1,1,1,0,0,0,0,0,0,0,0,0,0,0,0,0,0,0,0,0,0,0,0,0,0,0
13490,Estimates,Australia,15,36,Country/Area,927,2020,339,336,333,332,330,329,329,328,327,326,326,326,324,320,314,309,304,301,302,305,308,312,317,324,333,342,350,358,364,367,371,374,376,377,377,377,377,373,364,352,339,326,318,319,326,332,339,341,337,328,321,313,308,307,310,312,313,313,309,303,297,291,284,277,269,261,252,244,239,236,232,228,221,209,194,179,164,150,140,131,122,113,104,96,88,80,73,66,58,51,43,37,32,26,18,13,11,9,6,3,4
17466,Estimates,Austria,,40,Country/Area,926,2020,92,91,90,88,87,86,86,85,85,84,84,84,84,85,86,87,89,90,92,94,96,98,101,105,110,115,120,123,125,124,124,124,123,124,125,126,127,126,124,120,116,113,111,112,114,116,118,121,126,131,136,141,145,146,145,144,142,140,136,132,127,122,117,111,105,99,93,88,86,85,83,82,81,81,81,80,80,79,75,69,63,57,52,46,42,37,32,28,24,21,18,16,14,11,7,5,5,4,3,1,1
6461,Estimates,Azerbaijan,4,31,Country/Area,922,2020,143,158,169,176,179,180,178,174,168,161,153,144,137,133,131,128,126,126,127,130,133,137,142,149,157,165,173,180,184,187,189,191,191,188,183,178,172,166,159,151,144,136,131,127,126,124,123,123,123,123,123,124,125,127,130,132,135,134,130,122,115,107,99,92,84,77,69,61,54,47,41,34,29,25,23,21,18,17,17,17,18,19,19,17,14,11,9,6,5,4,3,2,2,1,1,0,0,0,0,0,0
10721,Estimates,Bahamas,,44,Country/Area,915,2020,6,6,5,5,5,5,5,5,5,6,6,6,6,6,6,6,6,6,7,7,7,7,7,7,7,7,7,7,7,6,6,6,5,5,5,5,5,6,6,5,5,5,5,6,6,6,6,6,6,6,5,5,5,5,5,5,5,5,5,4,4,4,3,3,3,3,3,2,2,2,2,2,2,1,1,1,1,1,1,1,1,1,1,1,0,0,0,0,0,0,0,0,0,0,0,0,0,0,0,0,0
6532,Estimates,Bahrain,,48,Country/Area,922,2020,19,21,22,23,23,23,23,22,22,21,20,19,18,18,18,18,18,18,18,16,15,14,16,20,26,32,38,44,48,52,56,60,62,60,55,51,46,42,39,37,34,32,29,27,26,24,23,22,20,19,18,17,16,15,14,13,12,12,11,11,10,10,9,8,7,6,5,4,3,3,3,2,2,2,2,2,1,1,1,1,1,1,1,1,1,0,0,0,0,0,0,0,0,0,0,0,0,0,0,0,0
8307,Estimates,Bangladesh,,50,Country/Area,5501,2020,2849,2856,2864,2874,2885,2898,2913,2928,2944,2961,2978,2993,3012,3038,3067,3094,3119,3133,3128,3112,3094,3073,3050,3025,2998,2968,2934,2902,2874,2848,2819,2787,2754,2720,2683,2644,2604,2557,2502,2442,2380,2319,2252,2177,2097,2018,1935,1866,1820,1787,1751,1715,1672,1616,1551,1488,1425,1353,1265,1169,1075,983,894,812,736,663,589,535,509,501,494,492,483,460,429,402,377,350,320,290,260,229,201,177,154,133,113,94,78,65,51,40,34,26,17,12,10,8,6,3,6
10792,Estimates,Barbados,,52,Country/Area,915,2020,3,3,3,3,3,3,3,3,3,3,3,3,4,4,4,4,4,4,4,4,4,4,4,4,4,4,4,4,4,4,4,4,4,4,4,4,4,4,4,4,4,4,4,4,4,4,4,4,4,4,4,4,4,4,4,4,4,4,4,4,4,4,4,4,3,3,3,3,3,3,3,3,2,2,2,2,2,2,2,1,1,1,1,1,1,1,1,1,1,1,1,0,0,0,0,0,0,0,0,0,0
14910,Estimates,Belarus,,112,Country/Area,923,2020,91,103,113,119,122,124,123,120,117,112,107,100,95,92,92,91,91,90,87,84,81,78,80,87,99,110,121,132,141,148,156,164,168,166,160,154,147,141,138,136,134,132,130,129,128,128,129,129,125,121,117,113,113,119,130,140,151,157,156,149,143,135,130,128,128,128,127,122,109,92,75,58,46,43,47,49,51,53,52,50,49,48,46,41,35,30,24,19,16,14,12,11,9,7,4,2,2,1,1,0,0
17537,Estimates,Belgium,,56,Country/Area,926,2020,122,125,127,129,131,132,133,134,135,135,135,136,135,134,132,130,128,127,127,128,128,129,130,133,137,140,144,147,148,148,149,149,149,150,150,151,152,152,152,151,151,150,150,150,151,152,152,153,154,156,157,158,159,160,161,162,162,162,160,157,154,151,148,144,139,135,130,125,123,121,119,118,114,107,98,89,80,74,71,70,69,68,66,62,57,53,48,44,39,33,27,23,19,15,10,7,6,5,4,2,2
11857,Estimates,Belize,,84,Country/Area,916,2020,8,8,8,8,8,8,8,8,8,8,8,8,8,8,8,8,8,8,8,8,8,8,8,8,8,8,7,7,7,7,7,7,6,6,6,6,6,6,5,5,5,5,5,4,4,4,4,4,4,4,4,4,3,3,3,3,3,3,3,3,2,2,2,2,2,2,2,1,1,1,1,1,1,1,1,1,1,1,1,1,1,0,0,0,0,0,0,0,0,0,0,0,0,0,0,0,0,0,0,0,0
4544,Estimates,Benin,,204,Country/Area,914,2020,401,391,381,372,363,354,346,338,329,321,313,306,298,290,282,274,266,258,251,244,237,230,223,216,209,203,196,189,182,176,169,163,157,151,146,140,135,130,125,121,116,112,108,104,100,96,92,88,85,82,79,76,73,70,66,63,60,57,55,52,49,46,44,41,39,36,34,32,30,28,26,24,22,20,19,18,16,15,13,12,10,8,7,6,5,4,3,2,2,1,1,1,1,0,0,0,0,0,0,0,0
8378,Estimates,Bhutan,,64,Country/Area,5501,2020,13,13,13,12,12,12,12,12,12,13,13,13,13,13,14,14,14,14,14,14,14,15,15,15,15,16,16,16,16,16,16,16,15,15,14,14,13,13,12,12,11,11,10,10,9,9,8,8,7,7,7,7,7,6,6,6,5,5,5,5,5,4,4,4,4,4,3,3,3,3,3,3,3,2,2,2,2,2,2,2,1,1,1,1,1,1,1,1,0,0,0,0,0,0,0,0,0,0,0,0,0
12567,Estimates,Bolivia (Plurinational State of),,68,Country/Area,931,2020,237,237,237,237,237,237,236,236,235,235,234,233,232,231,231,230,230,228,226,223,220,216,213,210,206,203,199,195,191,187,183,178,174,170,166,162,158,154,150,146,142,138,134,130,126,122,118,114,110,107,103,99,96,93,90,86,83,81,78,75,72,70,67,65,62,60,58,56,54,52,49,47,45,43,40,38,36,33,31,28,26,23,21,19,17,15,14,12,10,9,7,6,5,4,3,2,2,2,1,1,2
16614,Estimates,Bosnia and Herzegovina,,70,Country/Area,925,2020,25,26,27,28,29,30,31,32,34,35,36,37,37,36,35,33,31,31,33,37,40,44,46,45,42,40,37,36,36,38,40,42,43,45,46,47,49,50,49,47,46,44,43,43,44,45,45,46,46,45,45,45,45,47,49,52,54,55,55,53,51,49,47,47,47,47,47,46,43,39,35,31,28,26,24,22,20,19,19,19,19,19,18,16,13,9,6,4,3,3,3,3,2,2,1,1,1,0,0,0,0
4118,Estimates,Botswana,,72,Country/Area,913,2020,53,54,55,55,55,55,54,54,53,52,51,50,49,48,48,47,46,45,44,43,42,41,40,40,40,40,40,40,40,39,38,38,37,37,37,37,36,36,35,34,33,31,30,28,27,25,24,22,21,20,18,17,16,15,14,14,14,13,13,13,12,12,12,12,11,10,10,9,8,8,7,6,6,5,5,5,4,4,3,3,2,2,2,1,1,1,1,1,0,0,0,0,0,0,0,0,0,0,0,0,0
12638,Estimates,Brazil,,76,Country/Area,931,2020,2871,2888,2899,2906,2911,2914,2916,2919,2923,2930,2939,2945,2968,3015,3076,3135,3194,3249,3299,3341,3384,3429,3454,3452,3432,3413,3389,3375,3380,3396,3406,3410,3421,3443,3469,3490,3511,3503,3453,3373,3295,3213,3130,3050,2973,2893,2808,2739,2695,2666,2635,2604,2570,2530,2485,2440,2396,2337,2259,2167,2074,1977,1885,1804,1728,1650,1571,1490,1403,1314,1227,1142,1059,979,902,827,752,687,635,591,549,512,470,420,366,317,269,227,194,168,142,123,106,84,57,40,34,28,20,12,21
9656,Estimates,Brunei Darussalam,,96,Country/Area,920,2020,5,6,6,7,7,7,7,7,7,7,6,6,6,6,6,7,7,7,7,7,7,7,7,7,7,7,7,7,7,7,7,8,8,8,8,8,8,8,8,8,7,7,7,7,7,7,7,6,6,6,6,6,6,5,5,5,5,4,4,4,4,4,3,3,3,3,2,2,2,2,2,1,1,1,1,1,1,1,1,1,1,0,0,0,0,0,0,0,0,0,0,0,0,0,0,0,0,0,0,0,0
14981,Estimates,Bulgaria,,100,Country/Area,923,2020,64,63,62,62,62,64,65,67,69,71,73,76,76,74,71,68,65,62,61,59,58,57,58,61,65,69,74,78,83,87,91,96,99,99,97,95,93,93,95,99,103,106,108,109,108,108,107,106,104,102,99,96,94,93,94,94,94,94,94,94,94,94,94,93,93,92,91,91,90,90,90,90,87,82,75,69,62,56,51,48,45,42,39,35,31,27,24,20,17,13,10,7,5,4,2,1,1,1,1,0,0
4615,Estimates,Burkina Faso,,854,Country/Area,914,2020,731,712,693,676,660,645,630,616,602,588,574,561,546,530,512,495,478,461,445,429,414,398,383,369,356,342,329,317,305,294,284,273,263,254,246,238,230,222,213,204,196,187,179,170,162,153,145,138,132,126,121,116,111,106,100,95,89,84,80,76,71,67,63,59,55,51,48,44,41,38,35,32,30,27,24,22,20,17,15,13,11,9,7,6,4,3,3,2,1,1,1,0,0,0,0,0,0,0,0,0,0
1917,Estimates,Burundi,,108,Country/Area,910,2020,423,418,412,405,396,386,376,364,352,340,327,314,302,289,276,264,252,242,233,226,218,212,206,204,203,201,200,199,195,191,187,182,177,169,160,151,142,133,124,115,106,97,88,81,75,69,63,59,56,55,54,53,52,51,50,48,47,46,45,44,43,42,41,39,36,33,31,28,25,22,19,16,13,12,11,10,9,8,8,7,6,5,4,4,3,3,2,2,1,1,1,0,0,0,0,0,0,0,0,0,0
4686,Estimates,Cabo Verde,,132,Country/Area,914,2020,10,10,10,11,11,11,11,11,11,11,10,10,10,10,10,10,10,10,10,9,9,9,9,9,10,10,10,10,11,11,11,11,11,10,10,10,10,9,9,8,8,7,7,7,7,6,6,6,6,5,5,5,5,5,5,5,5,5,4,4,4,3,3,3,3,3,2,2,2,2,1,1,1,1,1,1,1,1,1,1,1,1,1,1,1,1,0,0,0,0,0,0,0,0,0,0,0,0,0,0,0
9727,Estimates,Cambodia,,116,Country/Area,920,2020,353,355,357,357,357,355,354,351,348,344,340,336,330,322,312,302,292,286,287,292,297,300,305,311,316,323,332,331,314,289,263,232,221,242,283,319,361,372,333,263,200,132,90,89,115,136,159,173,172,162,155,149,144,142,142,140,138,134,126,116,106,95,87,83,82,80,78,75,69,62,55,49,43,39,36,32,29,26,23,20,17,15,12,10,9,7,6,5,4,3,2,1,1,1,0,0,0,0,0,0,0
3479,Estimates,Cameroon,,120,Country/Area,911,2020,854,838,823,808,793,777,762,746,730,714,698,682,665,647,628,609,590,571,552,534,515,497,481,468,458,447,437,427,416,405,395,384,373,361,348,335,322,308,294,280,266,252,239,228,217,207,197,187,178,169,161,153,146,138,131,124,118,112,106,100,94,89,84,79,75,71,67,63,59,54,50,46,42,38,34,31,28,24,21,19,16,13,11,9,7,6,4,3,2,1,1,1,0,0,0,0,0,0,0,0,0
18034,Estimates,Canada,,124,Country/Area,918,2020,402,400,398,397,396,396,396,395,395,396,397,399,399,396,392,390,387,390,402,420,437,454,472,491,509,527,546,557,556,546,537,525,518,520,527,531,536,536,530,519,508,498,490,485,482,480,478,477,475,474,473,471,476,491,512,532,552,563,561,550,540,528,514,499,482,464,444,426,413,403,391,380,364,342,316,290,264,241,223,207,191,176,162,149,137,125,115,104,93,81,69,60,53,42,29,21,18,15,11,6,9
3550,Estimates,Central African Republic,,140,Country/Area,911,2020,153,150,147,145,143,142,140,139,138,137,136,136,134,132,129,126,124,120,116,111,107,102,97,91,86,81,75,71,67,64,61,58,55,53,51,49,47,45,43,41,39,38,36,35,34,33,32,31,30,29,28,27,26,25,24,23,22,21,20,19,18,17,16,15,14,13,13,12,11,10,9,8,7,7,6,6,5,5,4,4,3,3,2,2,2,1,1,1,0,0,0,0,0,0,0,0,0,0,0,0,0
3621,Estimates,Chad,,148,Country/Area,911,2020,624,604,585,567,550,534,519,504,490,476,463,450,437,424,410,397,384,371,358,345,332,319,307,295,283,271,260,249,238,227,217,207,198,188,180,171,163,156,148,141,134,128,122,116,110,105,99,94,90,85,80,76,72,69,66,63,61,58,56,54,51,49,47,45,43,41,39,37,34,31,28,25,22,20,18,17,15,14,12,11,9,8,7,6,5,4,3,2,2,1,1,1,1,0,0,0,0,0,0,0,0
15691,Estimates,Channel Islands,20,830,Country/Area,924,2020,2,2,2,2,2,2,2,2,2,2,2,2,2,2,2,2,2,2,2,2,2,2,2,2,2,2,2,2,2,2,2,2,2,2,2,2,2,2,2,2,2,2,2,2,2,3,3,3,3,3,3,3,3,3,3,3,3,2,2,2,2,2,2,2,2,2,2,2,2,2,2,2,2,1,1,1,1,1,1,1,1,1,1,1,1,1,1,1,0,0,0,0,0,0,0,0,0,0,0,0,0
12709,Estimates,Chile,,152,Country/Area,931,2020,214,225,234,242,247,251,253,254,254,254,253,252,250,248,247,246,245,246,250,258,265,272,279,289,298,308,317,323,324,321,318,315,310,305,298,291,284,278,274,272,270,268,265,262,259,256,253,250,249,248,246,245,243,241,239,236,233,229,223,217,210,203,196,190,184,177,171,163,154,144,134,124,115,107,101,95,88,82,76,70,65,60,55,50,45,41,36,32,28,25,21,19,16,13,9,6,5,4,3,2,4
9017,Estimates,China,8,156,Country/Area,906,2020,16113,16543,16875,17118,17282,17376,17408,17389,17328,17234,17117,16987,16850,16715,16593,16484,16389,16370,16461,16637,16867,17182,17477,17703,17929,18145,18201,18842,20388,22413,24308,26355,27270,26400,24406,22598,20719,19297,18727,18751,18641,18452,18717,19600,20866,22102,23375,24377,24907,25077,25250,25414,25173,24383,23225,22043,20796,19609,18589,17704,16744,15667,14988,14917,15198,15425,15749,15551,14503,12922,11445,9940,8652,7765,7149,6479,5808,5222,4729,4307,3931,3608,3272,2888,2482,2118,1784,1481,1215,984,740,552,454,342,217,146,122,97,70,41,75
9088,Estimates,"China, Hong Kong SAR",9,344,Country/Area,906,2020,81,76,72,68,65,63,61,60,59,58,58,59,58,57,54,52,51,51,54,59,64,70,75,80,85,91,96,100,103,104,105,105,106,109,112,115,117,119,118,117,115,114,112,112,112,113,113,113,113,112,112,111,112,115,120,124,128,130,130,127,125,122,119,114,109,103,97,91,87,83,79,76,71,63,55,46,38,32,31,33,35,37,38,36,32,29,27,24,21,19,16,14,12,10,7,5,5,4,3,2,4
9159,Estimates,"China, Macao SAR",10,446,Country/Area,906,2020,7,7,7,7,7,7,7,7,6,6,6,5,5,5,4,4,4,4,5,5,6,7,7,8,8,9,10,10,11,12,13,13,14,14,14,13,13,13,12,11,10,9,8,8,9,9,10,10,10,10,9,9,9,9,10,10,11,11,11,10,10,9,9,9,8,8,7,7,6,6,5,5,4,4,3,3,2,2,1,1,1,1,1,1,1,1,1,1,1,1,1,0,0,0,0,0,0,0,0,0,0
9230,Estimates,"China, Taiwan Province of China",11,158,Country/Area,906,2020,182,196,206,212,215,215,213,209,205,200,195,190,189,195,207,218,230,242,255,267,280,293,304,311,315,319,324,327,325,322,319,314,316,327,345,361,376,389,398,403,409,416,415,405,388,371,353,342,341,348,353,358,362,366,368,371,374,374,370,363,355,345,336,328,320,311,303,289,269,245,221,197,176,160,149,136,125,115,108,102,98,94,89,83,75,68,61,54,48,41,34,29,25,20,14,10,8,7,5,3,4
12780,Estimates,Colombia,,170,Country/Area,931,2020,750,745,741,738,736,736,737,739,743,748,754,761,770,785,803,821,839,854,864,870,876,880,884,889,893,895,896,892,880,862,844,825,807,795,786,775,763,751,739,726,713,701,687,670,651,632,613,599,593,592,591,589,585,577,567,557,547,533,512,487,462,435,412,395,383,369,356,341,321,298,277,255,236,218,202,186,171,157,145,134,123,113,104,93,83,73,64,55,47,40,33,28,24,19,13,9,8,7,5,3,4
1988,Estimates,Comoros,,174,Country/Area,910,2020,25,25,25,24,24,24,23,23,22,22,21,21,20,20,19,19,18,18,17,17,17,16,16,16,15,15,15,14,14,14,13,13,13,12,12,12,11,11,10,10,9,9,8,8,8,7,7,7,7,6,6,6,6,5,5,5,5,5,4,4,4,4,4,3,3,3,3,2,2,2,2,2,1,1,1,1,1,1,1,1,1,1,0,0,0,0,0,0,0,0,0,0,0,0,0,0,0,0,0,0,0
3692,Estimates,Congo,,178,Country/Area,911,2020,167,166,165,163,161,159,157,154,151,148,145,141,137,133,128,124,119,114,110,106,102,99,95,92,88,85,82,79,77,75,74,72,71,69,68,67,66,65,64,63,62,61,59,57,55,53,51,48,46,44,42,40,38,36,34,32,30,28,26,24,22,21,19,18,17,16,15,13,12,11,10,10,9,8,7,6,6,5,4,4,3,3,2,2,2,1,1,1,0,0,0,0,0,0,0,0,0,0,0,0,0
11928,Estimates,Costa Rica,,188,Country/Area,916,2020,68,69,70,71,71,71,72,72,72,71,71,71,71,71,71,71,71,72,73,75,77,79,80,82,83,83,84,85,86,86,87,87,87,86,84,83,81,79,77,75,74,72,70,68,65,63,61,59,59,60,60,61,61,61,61,61,61,60,59,56,54,52,49,46,43,41,38,35,33,32,31,30,28,26,24,22,20,18,17,15,14,13,12,11,10,9,8,7,6,5,4,3,3,2,2,1,1,1,1,0,1
4757,Estimates,Côte d'Ivoire,,384,Country/Area,914,2020,870,848,826,804,783,762,742,723,705,687,669,652,637,625,615,604,595,583,570,554,539,524,508,492,475,458,441,424,408,392,377,362,347,334,321,309,297,285,275,265,256,247,238,227,216,206,195,186,177,169,161,154,147,141,135,130,125,120,115,110,105,100,95,90,85,80,75,70,64,58,53,47,42,38,35,32,29,26,22,19,16,13,11,9,7,5,4,3,2,1,1,0,0,0,0,0,0,0,0,0,0
16685,Estimates,Croatia,,191,Country/Area,925,2020,36,36,37,37,38,39,40,40,41,42,42,43,43,42,41,40,38,38,39,42,44,47,49,49,48,47,47,47,47,48,49,50,51,53,54,55,56,57,57,58,58,58,58,57,56,55,54,53,53,54,55,55,56,57,58,59,60,61,61,60,59,58,57,57,58,58,58,57,54,51,47,44,41,38,36,34,32,30,30,29,29,29,28,26,22,19,16,14,12,10,8,6,5,4,2,1,1,1,1,0,0
10863,Estimates,Cuba,,192,Country/Area,915,2020,101,110,116,121,124,126,126,126,125,124,122,120,119,120,122,124,126,128,131,133,136,140,142,142,141,141,139,140,146,154,161,169,172,168,160,152,145,138,131,126,120,113,114,126,145,163,182,197,202,201,200,198,198,200,203,205,207,202,188,167,148,127,112,109,112,114,117,117,113,106,100,94,89,85,82,79,76,72,67,61,56,51,46,41,36,32,28,24,21,18,15,13,11,9,7,5,5,4,3,2,3
10934,Estimates,Curaçao,13,531,Country/Area,915,2020,2,2,2,2,2,2,2,2,2,2,2,2,2,2,2,2,2,2,2,2,2,2,2,2,2,2,2,2,2,2,2,2,2,2,2,2,2,2,2,2,2,2,2,2,2,2,2,2,2,2,2,2,2,2,2,3,3,3,3,2,2,2,2,2,2,2,2,2,2,2,2,2,2,1,1,1,1,1,1,1,1,1,1,1,1,1,0,0,0,0,0,0,0,0,0,0,0,0,0,0,0
6603,Estimates,Cyprus,5,196,Country/Area,922,2020,12,13,13,13,13,14,14,14,14,13,13,13,13,14,14,14,14,14,15,16,17,18,19,19,19,20,20,20,20,20,20,19,19,19,19,19,19,18,18,18,18,18,18,17,17,16,16,16,16,16,15,15,15,15,15,15,15,14,14,14,14,13,13,13,12,12,11,11,11,10,10,10,9,9,8,8,7,6,6,6,5,5,5,4,4,3,3,2,2,2,1,1,1,1,0,0,0,0,0,0,0
15052,Estimates,Czechia,,203,Country/Area,923,2020,117,113,111,109,108,109,110,111,112,114,115,117,117,114,109,105,100,97,94,92,91,89,90,96,105,113,122,129,134,136,139,142,144,146,146,146,145,148,156,166,176,185,191,191,188,184,181,175,168,160,151,142,135,133,133,132,132,132,131,129,128,127,127,129,132,135,137,138,137,135,132,129,125,118,109,101,92,83,75,67,60,52,45,41,38,35,33,30,26,21,17,13,11,8,5,4,3,2,2,1,0
9301,Estimates,Dem. People's Republic of Korea,,408,Country/Area,906,2020,353,352,350,347,345,342,339,336,334,333,332,331,333,340,350,360,371,379,383,384,385,385,387,390,394,398,401,401,396,389,381,373,366,365,366,367,371,368,353,332,314,293,289,311,350,385,420,446,455,453,452,452,442,415,379,343,300,274,275,291,305,323,321,288,236,188,139,107,105,123,136,152,160,155,142,132,122,112,102,92,82,71,61,52,43,34,26,19,15,12,8,6,5,4,2,1,1,1,1,0,0
3763,Estimates,Democratic Republic of the Congo,,180,Country/Area,911,2020,3339,3252,3166,3079,2992,2905,2818,2732,2645,2560,2475,2391,2306,2221,2136,2052,1970,1891,1816,1743,1672,1603,1540,1483,1431,1382,1334,1288,1241,1194,1150,1107,1067,1027,990,953,918,884,850,817,785,754,724,696,670,644,619,595,571,548,526,505,484,463,443,423,403,385,366,348,331,314,297,281,264,249,233,219,206,194,182,170,159,146,132,120,107,95,84,74,64,54,45,38,31,25,20,15,12,9,6,5,4,3,1,1,1,0,0,0,0
15762,Estimates,Denmark,21,208,Country/Area,924,2020,68,64,61,59,58,57,58,59,61,62,64,67,69,69,68,67,67,67,68,70,72,73,75,76,78,80,82,82,81,78,76,73,71,69,67,65,62,62,63,66,68,71,73,74,74,74,74,74,76,79,82,85,86,85,83,82,79,77,76,74,73,71,69,67,65,63,60,59,61,66,69,73,74,71,64,58,51,45,42,39,36,33,29,26,23,20,18,15,13,12,10,9,8,6,4,3,3,2,2,1,1
2059,Estimates,Djibouti,,262,Country/Area,910,2020,19,20,20,20,20,20,20,20,19,19,18,18,17,17,18,18,18,18,18,18,18,18,18,18,18,18,17,17,17,17,17,18,17,17,17,16,16,15,15,14,14,14,13,13,12,12,11,11,10,10,9,9,8,8,8,8,7,7,7,6,6,6,5,5,5,4,4,4,3,3,3,3,3,3,2,2,2,2,1,1,1,1,1,1,1,0,0,0,0,0,0,0,0,0,0,0,0,0,0,0,0
11005,Estimates,Dominican Republic,,214,Country/Area,915,2020,200,201,201,201,201,200,200,199,199,198,197,196,195,195,194,193,192,192,191,190,189,188,188,187,187,186,186,184,181,177,173,169,165,161,158,154,151,147,144,142,139,136,134,131,129,126,124,121,119,116,114,111,108,106,103,100,98,95,92,88,85,81,78,74,70,66,63,59,55,51,47,44,41,38,35,32,29,27,25,24,22,21,19,17,15,14,12,10,9,8,6,5,5,4,3,2,2,2,1,1,2
12851,Estimates,Ecuador,,218,Country/Area,931,2020,336,335,334,332,330,327,325,322,319,317,314,311,310,309,310,311,311,312,313,314,315,316,315,312,308,303,298,293,289,286,282,278,273,268,262,257,251,246,240,235,230,224,219,215,211,207,203,198,193,188,183,178,173,168,162,156,151,145,140,135,130,125,120,116,111,107,104,99,92,85,77,70,64,60,57,54,52,49,45,41,37,34,30,27,24,21,19,16,14,12,10,8,7,6,4,3,3,2,2,1,3
5893,Estimates,Egypt,,818,Country/Area,912,2020,2327,2486,2589,2643,2653,2625,2567,2485,2384,2271,2144,2003,1892,1834,1811,1783,1757,1736,1719,1706,1698,1697,1690,1676,1656,1638,1618,1607,1611,1622,1630,1639,1633,1604,1560,1516,1470,1424,1382,1342,1299,1256,1211,1162,1112,1064,1015,973,941,915,890,866,843,819,796,773,751,728,703,676,650,625,596,563,527,491,454,423,403,390,376,364,344,311,271,232,194,163,144,132,120,109,98,85,72,60,50,41,33,26,19,14,12,9,5,3,3,2,1,1,1
11999,Estimates,El Salvador,,222,Country/Area,916,2020,117,116,115,115,114,114,114,114,114,114,115,115,116,116,116,116,116,116,119,122,124,127,128,128,125,123,121,117,113,108,103,98,94,91,88,86,83,81,80,79,78,78,77,75,74,72,70,69,67,65,64,62,61,59,58,56,55,53,51,49,48,46,44,43,41,40,39,37,36,33,31,29,28,26,25,24,23,22,21,19,18,16,15,13,12,10,9,7,6,5,4,3,2,2,1,1,1,1,0,0,0
3834,Estimates,Equatorial Guinea,,226,Country/Area,911,2020,42,41,40,39,38,37,36,34,33,32,31,30,29,28,26,25,24,23,24,25,26,27,28,29,29,29,29,30,30,30,30,30,29,28,26,25,23,21,19,18,16,15,14,12,12,11,10,9,9,8,8,8,8,7,6,6,5,5,5,4,4,4,4,4,4,3,3,3,3,3,2,2,2,2,1,1,1,1,1,1,1,1,0,0,0,0,0,0,0,0,0,0,0,0,0,0,0,0,0,0,0
2130,Estimates,Eritrea,,232,Country/Area,910,2020,107,101,98,95,94,94,94,95,96,97,99,101,100,97,91,85,79,74,70,66,62,58,55,55,56,56,57,58,58,57,57,57,55,52,48,45,41,38,35,33,31,28,27,27,28,29,30,30,28,24,21,18,16,16,16,17,17,17,17,16,15,14,13,13,13,13,12,12,12,11,11,10,10,9,8,7,7,6,5,5,4,4,3,3,2,2,1,1,1,1,1,0,0,0,0,0,0,0,0,0,0
15833,Estimates,Estonia,,233,Country/Area,924,2020,13,14,14,14,14,14,15,15,15,15,15,15,15,15,14,14,13,12,12,11,11,11,11,12,13,15,17,18,19,19,20,20,21,21,20,19,19,18,18,18,18,17,17,18,18,19,20,20,19,18,17,15,14,15,16,17,18,18,18,18,18,17,17,17,17,18,18,18,16,14,13,11,10,10,10,11,11,11,11,10,10,9,9,8,7,6,5,5,4,3,3,3,2,2,1,1,0,0,0,0,0
4189,Estimates,Eswatini,,748,Country/Area,913,2020,30,29,28,28,28,28,28,29,29,29,30,30,30,30,29,28,27,26,25,24,24,23,22,22,22,21,21,20,19,19,18,17,16,16,16,16,16,16,16,15,14,13,12,11,11,10,9,9,8,8,7,6,6,5,5,5,5,4,4,4,4,4,4,4,4,4,3,3,3,3,3,3,3,3,2,2,2,2,2,1,1,1,1,1,1,1,0,0,0,0,0,0,0,0,0,0,0,0,0,0,0
2201,Estimates,Ethiopia,,231,Country/Area,910,2020,3477,3420,3360,3299,3236,3173,3110,3048,2987,2928,2869,2809,2759,2722,2694,2665,2634,2600,2561,2516,2469,2422,2364,2289,2203,2117,2031,1942,1848,1754,1660,1564,1483,1427,1386,1345,1309,1266,1209,1145,1085,1026,975,938,910,882,855,826,790,751,714,679,645,611,579,547,515,488,470,456,442,430,416,396,373,351,330,311,295,282,268,255,240,222,202,183,165,147,130,115,100,85,72,62,52,44,36,30,24,18,13,9,8,5,3,2,1,1,1,0,0
13774,Estimates,Fiji,,242,Country/Area,928,2020,18,18,18,18,18,18,18,18,17,17,17,17,17,16,16,16,15,15,15,15,15,14,14,14,14,14,14,14,14,14,14,13,13,13,14,14,14,14,14,13,12,12,11,11,11,10,10,10,10,10,10,10,10,9,9,9,9,9,9,8,8,7,7,6,6,5,5,5,4,4,4,3,3,3,2,2,2,2,1,1,1,1,1,1,1,0,0,0,0,0,0,0,0,0,0,0,0,0,0,0,0
15904,Estimates,Finland,22,246,Country/Area,924,2020,47,51,53,56,57,59,60,61,62,62,63,63,62,62,61,60,59,59,59,60,60,61,62,64,67,69,72,73,73,72,71,69,68,69,70,71,72,72,72,72,71,71,70,68,66,64,62,61,62,65,67,69,71,72,73,73,74,75,74,73,73,72,71,71,71,71,70,70,71,73,74,76,75,70,63,56,49,43,40,38,36,34,32,30,27,24,22,19,17,15,12,11,9,7,5,3,3,2,2,1,1
17608,Estimates,France,27,250,Country/Area,926,2020,691,709,726,740,753,765,775,783,790,795,799,801,801,799,795,791,786,779,771,762,753,744,737,733,730,728,726,729,738,752,766,780,791,800,805,812,820,822,814,802,790,775,772,789,817,844,871,889,893,886,881,875,870,869,869,867,865,859,848,833,819,803,790,783,778,771,761,754,753,752,751,752,732,680,609,540,468,414,392,390,384,378,369,352,330,310,292,270,244,214,182,156,137,111,79,59,52,43,31,16,19
12922,Estimates,French Guiana,2,254,Country/Area,931,2020,8,7,7,7,7,6,6,6,6,6,6,6,6,6,6,6,6,6,6,6,5,5,5,5,5,4,4,4,4,4,4,4,4,4,4,4,4,4,4,4,4,4,4,4,4,4,4,3,3,3,3,3,3,3,3,3,2,2,2,2,2,2,2,2,2,2,2,1,1,1,1,1,1,1,1,1,1,1,1,0,0,0,0,0,0,0,0,0,0,0,0,0,0,0,0,0,0,0,0,0,0
14484,Estimates,French Polynesia,2,258,Country/Area,957,2020,5,4,4,4,4,4,4,4,4,4,4,5,5,5,5,4,4,4,4,4,4,4,4,4,4,4,4,4,4,4,4,5,5,5,5,4,4,4,4,4,4,4,4,4,4,4,4,4,4,4,4,4,4,4,4,4,3,3,3,3,3,3,2,2,2,2,2,2,2,2,1,1,1,1,1,1,1,1,1,1,1,1,0,0,0,0,0,0,0,0,0,0,0,0,0,0,0,0,0,0,0
3905,Estimates,Gabon,,266,Country/Area,911,2020,66,65,64,63,62,60,58,56,54,52,50,48,46,44,42,41,40,38,38,37,36,36,36,36,36,37,37,38,38,38,38,39,38,37,36,35,34,32,31,30,28,27,26,25,24,23,22,21,20,19,18,17,16,15,14,13,12,11,10,10,9,9,8,8,7,7,6,6,6,5,5,5,4,4,4,3,3,3,3,2,2,2,2,1,1,1,1,1,0,0,0,0,0,0,0,0,0,0,0,0,0
4828,Estimates,Gambia,,270,Country/Area,914,2020,86,84,82,80,77,75,73,71,68,66,64,62,60,58,56,54,53,51,50,49,48,47,46,45,44,43,42,41,39,37,35,34,32,30,29,27,26,24,23,22,21,20,20,19,18,17,16,15,15,14,14,14,13,13,12,11,11,10,9,9,8,7,7,6,6,6,5,5,5,5,4,4,4,4,3,3,2,2,2,2,1,1,1,1,1,0,0,0,0,0,0,0,0,0,0,0,0,0,0,0,0
6674,Estimates,Georgia,6,268,Country/Area,922,2020,49,52,54,56,57,58,58,57,57,55,54,52,51,49,47,45,44,43,43,43,44,45,47,48,49,51,52,54,55,56,57,58,59,58,57,57,56,55,54,54,54,53,53,52,52,52,51,51,50,50,49,48,48,49,52,54,56,57,56,55,53,51,50,48,47,46,44,43,40,38,35,33,30,28,25,23,20,18,18,19,20,21,21,19,15,12,9,6,5,5,4,3,3,2,1,1,0,0,0,0,0
17679,Estimates,Germany,,276,Country/Area,926,2020,838,824,811,798,787,777,769,763,758,755,754,754,758,767,779,792,806,822,840,859,878,900,917,926,931,937,940,952,979,1015,1047,1079,1101,1109,1106,1103,1101,1093,1077,1057,1038,1022,1008,998,993,990,983,1003,1062,1146,1226,1307,1366,1391,1391,1392,1391,1376,1345,1304,1258,1206,1157,1117,1083,1046,1009,970,924,875,829,782,749,736,737,735,731,728,725,718,712,708,681,620,538,458,375,306,262,235,204,183,159,126,86,61,53,43,31,16,19
4899,Estimates,Ghana,,288,Country/Area,914,2020,844,842,836,829,819,807,794,779,763,746,729,711,694,679,666,653,639,626,615,605,594,585,574,561,547,533,519,506,495,486,476,466,455,442,427,412,398,384,371,359,347,335,324,314,306,298,289,281,273,264,256,247,238,229,219,210,200,190,179,167,156,144,133,122,112,101,91,82,77,73,69,65,61,55,48,42,36,31,27,23,20,16,14,11,9,7,5,4,3,2,1,1,1,1,0,0,0,0,0,0,0
16756,Estimates,Greece,,300,Country/Area,925,2020,80,80,81,83,85,88,91,94,98,101,105,108,110,110,109,107,106,104,104,105,106,106,107,106,105,104,104,104,106,109,111,114,118,124,131,138,145,150,153,154,155,155,156,157,158,158,158,158,159,160,161,162,161,158,153,149,144,140,139,139,139,139,137,134,128,123,117,114,113,114,114,115,113,108,99,91,83,77,77,79,81,83,82,78,71,65,59,52,46,39,31,25,21,16,11,7,6,5,3,2,3
11076,Estimates,Grenada,,308,Country/Area,915,2020,2,2,2,2,2,2,2,2,2,2,2,2,2,2,2,2,1,1,1,2,2,2,2,2,2,2,2,2,2,2,2,2,2,2,2,2,2,2,2,2,1,1,1,1,1,1,1,1,1,1,1,1,1,1,1,1,1,1,1,1,1,1,1,1,1,1,1,1,1,1,1,1,1,1,0,0,0,0,0,0,0,0,0,0,0,0,0,0,0,0,0,0,0,0,0,0,0,0,0,0,0
11147,Estimates,Guadeloupe,2,312,Country/Area,915,2020,5,5,4,4,4,4,4,4,5,5,5,6,6,6,6,6,6,6,6,6,6,6,6,5,5,4,4,4,3,3,3,3,3,3,3,3,3,3,4,4,4,4,4,5,5,5,5,6,6,6,6,6,6,6,6,6,6,6,6,6,6,6,5,5,5,5,5,5,5,4,4,4,4,4,3,3,3,3,2,2,2,2,2,2,2,2,1,1,1,1,1,1,1,1,0,0,0,0,0,0,0
14200,Estimates,Guam,14,316,Country/Area,954,2020,3,3,3,3,3,3,3,3,3,3,3,3,3,3,3,3,3,3,3,3,3,3,3,3,3,3,3,3,3,3,2,2,2,2,2,2,2,2,2,2,2,2,2,2,2,2,2,2,2,2,2,2,2,2,2,2,2,2,2,2,2,2,2,1,1,1,1,1,1,1,1,1,1,1,1,1,1,1,0,0,0,0,0,0,0,0,0,0,0,0,0,0,0,0,0,0,0,0,0,0,0
12070,Estimates,Guatemala,,320,Country/Area,916,2020,419,416,413,410,406,403,399,396,393,390,388,384,383,384,387,390,393,393,389,382,375,367,360,353,347,340,332,324,313,302,290,279,268,261,256,250,244,237,229,219,209,200,191,182,173,165,156,148,141,135,128,122,116,111,106,102,98,94,90,87,84,81,78,76,74,71,69,67,62,57,52,47,43,40,38,36,34,32,30,28,26,24,22,20,18,16,14,12,10,8,7,5,4,3,2,1,1,1,1,0,0
4970,Estimates,Guinea,,324,Country/Area,914,2020,443,431,419,408,398,389,381,373,365,358,351,344,338,331,324,317,310,303,295,287,279,270,262,252,242,232,222,212,202,193,183,174,165,157,149,142,135,128,122,116,110,105,100,95,91,87,83,79,76,74,71,69,67,64,62,60,58,56,54,52,50,48,46,44,42,40,38,36,33,30,27,23,20,19,17,16,15,13,12,10,8,7,6,5,4,3,2,1,1,1,0,0,0,0,0,0,0,0,0,0,0
5041,Estimates,Guinea-Bissau,,624,Country/Area,914,2020,63,62,61,60,59,58,57,56,54,53,51,50,49,47,46,44,43,41,40,39,38,37,36,35,35,34,33,32,32,31,30,29,28,27,26,25,24,23,22,21,20,18,17,17,16,15,14,14,13,12,11,11,10,10,9,9,9,8,8,8,7,7,7,6,6,6,6,6,5,5,4,3,3,3,2,2,2,2,2,1,1,1,1,1,0,0,0,0,0,0,0,0,0,0,0,0,0,0,0,0,0
12993,Estimates,Guyana,,328,Country/Area,931,2020,14,15,15,15,15,15,15,15,15,14,14,14,14,14,14,15,15,15,15,15,16,16,16,15,15,15,15,14,13,12,10,9,8,8,9,9,10,10,10,10,9,9,9,9,9,9,9,9,9,9,9,9,9,8,8,8,8,7,7,7,7,6,6,6,5,5,4,4,4,4,3,3,3,3,2,2,2,1,1,1,1,2,1,1,1,1,1,0,0,0,0,0,0,0,0,0,0,0,0,0,0
11218,Estimates,Haiti,,332,Country/Area,915,2020,254,254,253,252,251,250,249,248,246,245,244,242,241,239,237,234,232,229,226,223,220,217,213,210,206,203,199,196,193,190,187,184,181,178,176,174,172,168,161,151,142,133,124,117,111,105,99,94,91,90,88,87,85,83,81,78,76,74,71,68,64,61,58,56,54,51,49,47,44,40,36,32,29,27,26,25,24,22,20,18,16,14,12,11,9,8,6,5,4,3,3,2,2,1,1,1,1,0,0,0,0
12141,Estimates,Honduras,,340,Country/Area,916,2020,211,206,202,199,198,197,197,197,198,200,201,203,205,206,207,208,208,208,208,208,208,207,205,200,195,189,183,177,173,169,165,161,157,153,149,145,142,138,134,129,125,121,116,112,107,102,97,93,89,86,83,80,76,73,69,66,63,59,57,54,52,50,47,45,43,41,39,37,34,32,29,26,24,22,21,19,18,16,15,14,13,12,11,10,9,8,7,6,5,5,4,3,3,2,1,1,1,1,1,0,0
15123,Estimates,Hungary,,348,Country/Area,923,2020,99,94,91,89,88,88,88,89,90,92,94,96,98,98,97,97,97,97,97,98,99,99,101,106,113,119,126,130,130,127,125,123,121,121,122,122,122,125,133,143,152,161,168,168,165,162,159,155,151,146,140,135,130,124,119,114,109,107,109,114,119,124,128,132,134,137,140,139,132,122,112,101,92,87,85,82,79,75,70,64,58,53,47,43,39,34,30,26,22,18,14,11,9,7,5,4,3,3,2,1,1
15975,Estimates,Iceland,,352,Country/Area,924,2020,4,4,4,4,4,4,4,5,5,5,5,5,5,5,5,4,4,4,4,4,4,4,4,5,5,5,5,5,5,5,5,5,5,5,5,5,5,5,5,5,5,4,4,4,4,4,4,4,4,4,4,4,4,4,4,4,4,4,4,4,4,4,4,4,4,4,4,3,3,3,3,3,3,3,2,2,2,2,2,2,1,1,1,1,1,1,1,1,1,1,1,0,0,0,0,0,0,0,0,0,0
8449,Estimates,India,,356,Country/Area,5501,2020,24143,23568,23196,23005,22968,23061,23260,23540,23877,24245,24654,25110,25427,25516,25450,25393,25316,25217,25116,25004,24861,24692,24511,24320,24121,23905,23667,23449,23269,23106,22920,22716,22478,22194,21868,21532,21192,20780,20266,19690,19110,18511,17965,17513,17120,16716,16315,15905,15474,15030,14597,14165,13752,13366,12996,12624,12254,11871,11465,11042,10617,10179,9756,9361,8977,8588,8213,7757,7177,6526,5894,5257,4704,4283,3954,3624,3310,3010,2714,2426,2164,1926,1695,1464,1240,1034,844,678,543,433,321,237,193,146,96,67,56,45,33,22,48
9798,Estimates,Indonesia,,360,Country/Area,920,2020,4466,4646,4776,4862,4909,4923,4910,4875,4825,4765,4691,4599,4544,4552,4599,4635,4670,4688,4678,4648,4620,4595,4552,4484,4402,4323,4246,4174,4113,4062,4011,3951,3937,3991,4083,4170,4265,4309,4271,4178,4091,3997,3914,3859,3820,3768,3710,3644,3566,3478,3388,3296,3198,3092,2981,2868,2750,2635,2527,2422,2315,2209,2093,1960,1818,1680,1543,1414,1301,1199,1098,1001,913,837,770,707,649,592,534,476,423,374,326,278,230,186,144,109,85,69,53,42,35,25,14,8,6,5,3,1,2
8520,Estimates,Iran (Islamic Republic of),,364,Country/Area,5501,2020,1583,1556,1528,1500,1471,1443,1414,1386,1357,1329,1301,1276,1248,1214,1179,1148,1121,1099,1085,1078,1076,1077,1094,1130,1180,1231,1281,1344,1422,1508,1590,1669,1725,1745,1738,1728,1714,1678,1616,1536,1453,1364,1284,1221,1170,1116,1060,1017,992,979,966,958,939,902,853,807,760,723,700,687,672,657,636,604,564,526,488,452,416,382,349,315,285,260,238,217,198,180,163,148,135,122,110,98,86,76,66,56,45,35,22,13,10,7,4,3,2,2,1,1,1
6745,Estimates,Iraq,,368,Country/Area,922,2020,1037,1068,1087,1095,1094,1086,1071,1050,1025,998,967,932,903,885,872,858,844,830,816,802,789,776,762,745,727,709,691,673,655,638,621,604,587,568,548,529,509,492,479,467,455,444,432,417,402,387,371,357,343,329,316,303,287,266,243,221,200,181,167,157,147,136,130,128,129,131,134,132,121,104,89,72,60,55,55,54,53,50,46,40,34,29,25,21,18,15,12,9,7,6,4,3,2,2,1,1,0,0,0,0,0
16046,Estimates,Ireland,,372,Country/Area,924,2020,57,60,63,66,68,70,71,72,73,73,73,73,72,70,68,66,64,62,61,60,59,59,58,57,56,55,55,55,56,57,58,59,61,64,68,72,76,78,80,80,80,80,79,79,78,77,76,74,72,69,67,64,61,60,60,60,59,58,57,55,53,51,49,49,48,48,47,46,45,44,43,42,40,38,35,32,29,26,24,23,21,19,18,16,14,12,10,9,8,6,5,4,4,3,2,2,1,1,1,0,1
6816,Estimates,Israel,,376,Country/Area,922,2020,166,169,171,171,171,170,168,165,162,159,155,151,147,144,141,138,135,133,131,130,128,127,125,123,120,118,115,114,113,113,113,113,113,113,112,112,112,111,111,111,111,110,109,108,106,104,102,100,97,93,89,86,83,81,79,78,77,76,74,73,71,70,69,69,71,71,72,72,70,68,65,62,59,54,48,43,37,32,30,29,28,26,25,24,22,20,19,17,15,13,11,9,8,7,5,3,3,2,2,1,1
16827,Estimates,Italy,,380,Country/Area,925,2020,430,449,466,482,497,511,524,535,545,554,562,569,574,576,576,575,574,574,575,577,579,581,586,593,603,613,624,634,642,648,656,665,674,681,689,699,708,722,741,764,787,809,834,864,895,925,955,977,987,989,989,986,982,978,973,966,957,941,914,881,848,813,784,762,747,730,711,698,695,698,699,704,696,667,626,586,543,511,499,498,494,491,476,443,399,357,314,275,241,211,178,153,132,105,72,52,45,37,26,13,17
11289,Estimates,Jamaica,,388,Country/Area,915,2020,44,46,46,47,47,47,47,47,47,46,46,45,45,45,46,46,47,48,49,50,51,52,53,53,52,52,52,51,50,49,48,47,46,46,45,44,44,43,41,39,38,36,35,35,35,35,36,36,36,36,35,35,34,34,33,32,31,30,29,28,27,26,25,24,22,21,19,18,17,16,16,15,14,13,12,11,11,10,9,8,8,7,6,6,5,5,4,4,3,3,2,2,2,1,1,0,0,0,0,0,0
9372,Estimates,Japan,,392,Country/Area,906,2020,869,920,963,999,1028,1051,1070,1084,1094,1102,1107,1109,1111,1116,1122,1126,1130,1136,1148,1163,1178,1195,1206,1210,1209,1210,1212,1221,1240,1268,1296,1324,1356,1389,1425,1463,1505,1541,1568,1590,1611,1622,1660,1738,1838,1930,2025,2069,2034,1947,1865,1776,1704,1665,1648,1625,1604,1580,1552,1522,1499,1477,1474,1501,1546,1587,1624,1669,1722,1777,1826,1879,1885,1822,1714,1606,1489,1386,1315,1262,1200,1135,1069,1002,933,866,802,733,655,574,488,422,370,298,208,151,132,108,80,46,79
6887,Estimates,Jordan,,400,Country/Area,922,2020,198,206,213,219,223,227,230,232,233,233,232,231,229,226,222,217,212,208,204,200,196,191,188,184,181,179,176,173,169,166,162,158,155,152,150,148,147,144,140,135,130,124,120,117,115,113,111,108,104,100,95,91,87,82,78,73,69,65,60,55,51,47,43,40,37,34,32,29,28,26,25,24,22,21,20,18,17,16,15,13,11,10,8,7,6,5,4,3,2,2,1,1,1,1,0,0,0,0,0,0,0
7810,Estimates,Kazakhstan,,398,Country/Area,5500,2020,356,375,389,398,402,402,399,393,383,371,357,342,325,302,278,255,232,215,208,207,207,207,214,227,245,263,281,298,311,320,330,340,342,332,314,296,276,261,253,250,245,240,236,233,230,227,226,223,217,209,201,192,189,193,202,210,219,221,213,199,185,170,158,151,147,142,138,130,117,101,86,71,59,53,51,49,47,46,45,46,47,48,47,41,32,24,16,9,7,6,6,6,5,4,2,1,1,1,0,0,0
2272,Estimates,Kenya,,404,Country/Area,910,2020,1418,1412,1407,1404,1402,1400,1398,1395,1391,1385,1378,1371,1356,1331,1300,1267,1233,1199,1170,1142,1113,1085,1053,1014,972,931,890,858,842,836,829,823,812,792,766,741,717,691,664,635,607,578,550,524,500,476,452,428,405,382,360,339,319,301,285,269,254,240,226,213,200,188,177,166,156,146,137,127,116,105,95,85,76,67,59,51,43,37,33,29,26,23,21,18,14,11,9,7,5,4,2,1,1,1,0,0,0,0,0,0,0
14271,Estimates,Kiribati,,296,Country/Area,954,2020,3,3,3,3,3,3,3,3,3,3,3,3,3,3,2,2,2,2,2,2,2,2,2,2,2,2,2,2,2,2,2,2,2,2,2,2,2,1,1,1,1,1,1,1,1,1,1,1,1,1,1,1,1,1,1,1,1,1,1,1,1,1,1,1,1,0,0,0,0,0,0,0,0,0,0,0,0,0,0,0,0,0,0,0,0,0,0,0,0,0,0,0,0,0,0,0,0,0,0,0,0
6958,Estimates,Kuwait,,414,Country/Area,922,2020,55,56,58,60,61,62,63,64,65,65,65,65,63,60,56,51,47,43,42,41,41,41,41,42,42,42,44,46,50,56,61,67,73,79,87,93,100,105,107,106,106,105,103,101,99,97,94,90,87,83,79,75,70,65,58,52,46,41,38,36,35,33,31,27,23,20,16,13,11,10,9,7,6,5,5,4,4,3,3,2,2,2,2,1,1,1,1,0,0,0,0,0,0,0,0,0,0,0,0,0,0
7881,Estimates,Kyrgyzstan,,417,Country/Area,5500,2020,135,147,155,161,163,162,160,155,149,142,135,126,118,113,109,105,101,98,98,98,99,101,102,105,107,110,112,114,116,117,118,119,117,113,106,100,93,87,83,80,77,74,72,70,68,67,66,65,64,62,61,59,59,58,59,59,59,58,56,53,50,47,44,41,38,35,32,29,26,23,20,18,16,13,11,9,7,6,5,6,6,7,7,7,5,5,4,3,2,2,1,1,1,1,0,0,0,0,0,0,0
9869,Estimates,Lao People's Democratic Republic,,418,Country/Area,920,2020,164,161,159,157,156,155,154,154,154,153,153,153,153,151,148,145,143,141,140,140,139,139,138,138,138,137,137,135,133,129,126,122,118,114,111,107,103,99,95,92,89,86,83,80,78,76,74,72,69,66,63,60,57,55,53,51,50,48,46,43,41,39,37,35,33,31,29,27,25,23,21,18,17,15,14,13,11,10,9,8,7,6,5,5,4,3,2,2,1,1,1,1,0,0,0,0,0,0,0,0,0
16117,Estimates,Latvia,,428,Country/Area,924,2020,28,24,22,20,19,19,18,19,19,19,20,21,21,21,20,19,18,18,16,15,14,13,12,14,17,19,22,24,26,27,28,29,29,29,27,26,25,24,23,24,24,24,24,24,25,26,27,28,27,26,24,23,23,24,26,27,29,30,30,29,28,26,25,25,25,26,26,25,23,20,18,15,13,14,15,17,19,19,18,15,13,11,9,8,8,8,8,7,7,6,5,4,4,3,2,1,1,1,1,0,1
7029,Estimates,Lebanon,,422,Country/Area,922,2020,106,111,114,117,118,118,118,118,117,115,114,112,111,111,112,113,114,115,116,117,118,118,119,119,119,119,119,118,115,112,109,106,104,102,101,100,99,98,96,95,94,92,91,89,87,85,83,81,80,80,80,80,79,77,75,72,70,67,64,60,56,52,49,47,45,44,42,40,38,35,32,29,26,24,21,19,17,15,14,14,14,14,13,12,10,9,8,6,5,4,3,2,2,1,1,0,0,0,0,0,0
4260,Estimates,Lesotho,,426,Country/Area,913,2020,54,52,51,49,48,47,46,45,44,43,43,42,42,42,43,43,44,44,44,43,42,41,41,40,40,39,39,38,38,37,36,36,35,34,33,33,32,31,29,28,27,25,24,23,21,20,19,18,17,17,16,15,15,14,14,14,14,13,13,12,12,12,11,11,10,9,9,8,8,7,7,6,6,5,5,5,4,4,3,3,3,2,2,2,2,1,1,1,1,1,0,0,0,0,0,0,0,0,0,0,0
5112,Estimates,Liberia,,430,Country/Area,914,2020,154,151,148,145,143,140,138,136,133,131,129,127,125,122,119,117,114,111,107,104,100,96,93,89,85,81,78,75,73,71,70,68,67,65,64,62,61,59,57,55,53,51,49,47,45,43,42,40,38,36,35,33,32,30,29,28,26,25,24,23,22,21,19,18,17,16,15,14,13,12,11,10,9,8,8,7,7,6,6,5,4,4,3,2,2,2,1,1,1,0,0,0,0,0,0,0,0,0,0,0,0
5964,Estimates,Libya,,434,Country/Area,912,2020,116,122,126,129,131,132,133,133,132,131,129,127,125,122,120,117,114,112,110,110,109,108,108,108,108,109,109,110,112,113,115,117,118,118,117,117,116,115,115,115,115,115,114,112,108,105,101,97,93,89,84,80,75,69,64,58,53,48,44,41,38,35,32,30,29,27,26,24,23,21,19,17,16,15,14,13,13,12,11,10,9,8,7,6,5,4,3,3,2,2,1,1,1,0,0,0,0,0,0,0,0
16188,Estimates,Lithuania,,440,Country/Area,924,2020,23,27,30,32,33,33,32,31,30,29,27,25,23,23,23,24,24,25,25,25,25,25,26,28,31,33,36,38,38,38,38,39,38,37,35,33,31,29,29,30,30,31,32,33,35,37,39,40,40,38,37,35,35,37,41,44,48,50,48,45,42,38,36,35,35,35,36,35,32,29,25,22,20,20,21,22,24,24,23,21,20,18,16,15,14,13,12,11,10,9,7,6,5,4,3,2,2,1,1,0,1
17750,Estimates,Luxembourg,,442,Country/Area,926,2020,7,7,7,7,7,7,7,7,6,6,6,6,6,6,6,7,7,7,7,7,7,8,8,8,8,9,9,9,9,10,10,10,10,10,10,10,10,10,10,10,9,9,9,9,9,9,10,10,10,10,10,10,10,10,9,9,9,9,8,8,8,7,7,7,6,6,6,5,5,5,5,5,5,4,4,4,3,3,3,3,3,3,2,2,2,2,2,2,2,1,1,1,1,1,0,0,0,0,0,0,0
2343,Estimates,Madagascar,,450,Country/Area,910,2020,869,843,820,798,779,761,745,730,716,702,690,679,667,654,641,628,615,602,590,577,565,552,538,520,501,481,462,443,426,410,395,379,365,352,340,329,318,308,298,289,281,272,264,254,244,234,224,214,205,197,188,179,171,164,156,149,143,136,130,124,117,112,106,100,94,89,84,78,71,64,57,50,44,39,36,33,30,27,24,21,19,17,15,13,11,9,7,6,5,4,3,2,2,1,1,0,0,0,0,0,0
2414,Estimates,Malawi,,454,Country/Area,910,2020,607,594,583,574,566,559,553,548,542,536,531,526,517,503,485,468,450,433,419,406,393,380,368,355,342,330,318,307,297,288,279,270,261,248,234,221,208,196,188,181,175,169,162,155,147,139,132,126,119,113,107,101,96,91,86,81,77,73,69,65,62,59,56,52,49,46,43,40,38,36,34,33,31,29,26,23,21,18,16,14,12,10,8,7,6,4,3,2,2,1,1,1,0,0,0,0,0,0,0,0,0
9940,Estimates,Malaysia,12,458,Country/Area,920,2020,533,531,528,524,519,513,507,501,496,491,487,483,483,490,502,513,524,535,545,552,561,569,575,579,579,580,579,579,582,586,589,589,588,585,579,573,568,554,529,497,466,432,408,396,394,390,387,382,373,362,352,343,334,326,319,311,303,295,286,276,266,256,246,234,222,209,197,185,174,164,153,144,133,120,107,94,81,70,63,59,55,51,47,41,35,30,24,20,16,13,10,8,6,5,3,2,2,1,1,1,1
8591,Estimates,Maldives,,462,Country/Area,5501,2020,7,7,7,7,7,8,8,7,7,7,7,7,7,6,6,5,5,5,5,6,7,9,10,12,14,15,17,19,19,18,18,18,17,16,15,13,12,11,10,9,8,8,7,7,6,6,6,6,5,5,5,4,4,4,4,3,3,3,3,3,3,3,2,2,2,2,1,1,1,1,1,1,1,1,1,1,1,1,1,1,1,1,1,0,0,0,0,0,0,0,0,0,0,0,0,0,0,0,0,0,0
5183,Estimates,Mali,,466,Country/Area,914,2020,765,741,719,699,680,663,646,631,615,600,585,571,555,535,513,492,470,449,429,410,390,371,353,338,324,310,297,285,273,262,251,241,232,225,218,211,205,199,192,185,179,172,166,159,152,145,139,132,125,118,111,104,97,91,86,81,76,71,68,64,61,58,56,53,51,49,47,45,42,38,34,31,28,25,24,22,20,18,16,13,11,9,7,5,4,4,3,2,1,1,1,0,0,0,0,0,0,0,0,0,0
16898,Estimates,Malta,,470,Country/Area,925,2020,4,4,4,4,4,4,4,4,4,4,4,4,4,4,4,4,4,4,4,4,5,5,5,5,5,6,6,6,6,6,6,7,7,7,7,7,7,6,6,6,6,6,6,6,6,6,6,6,6,5,5,5,5,5,5,5,6,6,6,6,6,6,6,6,6,6,5,5,5,6,6,6,6,5,5,4,4,3,3,3,3,3,2,2,2,2,1,1,1,1,1,1,1,0,0,0,0,0,0,0,0
11360,Estimates,Martinique,2,474,Country/Area,915,2020,4,4,4,3,3,3,3,3,4,4,4,4,5,5,5,5,5,5,5,5,5,5,5,5,4,4,3,3,3,3,3,3,3,3,3,3,3,3,3,3,3,4,4,4,4,5,5,5,5,6,6,6,6,6,6,6,7,7,6,6,6,6,6,5,5,5,5,5,5,4,4,4,4,4,3,3,3,3,3,3,2,2,2,2,2,2,2,2,1,1,1,1,1,1,0,0,0,0,0,0,0
5254,Estimates,Mauritania,,478,Country/Area,914,2020,143,141,138,136,133,130,127,124,120,117,114,110,107,104,102,99,96,94,92,89,87,85,83,81,79,78,76,74,73,71,70,69,67,65,63,61,59,57,55,53,51,49,47,45,43,41,39,37,36,34,33,31,30,29,27,26,25,23,22,21,20,19,18,17,16,14,13,12,11,11,10,9,8,8,7,6,6,5,5,4,3,3,3,2,2,1,1,1,1,1,0,0,0,0,0,0,0,0,0,0,0
2485,Estimates,Mauritius,1,480,Country/Area,910,2020,13,13,13,13,13,13,13,14,14,15,15,15,16,17,17,18,19,19,19,19,19,18,18,19,20,20,21,21,21,20,19,18,17,17,17,17,17,17,18,18,19,20,21,20,19,18,17,16,16,16,17,17,17,17,18,18,18,18,18,17,16,16,15,14,14,14,13,13,12,11,11,10,9,8,7,6,5,5,4,4,4,3,3,3,2,2,2,2,1,1,1,1,1,0,0,0,0,0,0,0,0
2556,Estimates,Mayotte,2,175,Country/Area,910,2020,7,7,7,7,7,7,7,7,7,7,7,7,7,7,7,6,6,6,6,6,5,5,5,5,4,4,4,4,4,4,3,3,3,3,3,3,3,3,3,3,3,3,3,3,3,3,3,2,2,2,2,2,2,2,2,2,1,1,1,1,1,1,1,1,1,1,1,1,1,1,1,1,1,1,1,0,0,0,0,0,0,0,0,0,0,0,0,0,0,0,0,0,0,0,0,0,0,0,0,0,0
12212,Estimates,Mexico,,484,Country/Area,916,2020,2141,2173,2198,2217,2230,2239,2243,2245,2243,2240,2234,2225,2221,2225,2235,2242,2250,2251,2242,2226,2210,2190,2178,2178,2184,2187,2191,2180,2144,2093,2043,1992,1947,1915,1892,1867,1842,1817,1794,1770,1747,1724,1703,1686,1672,1656,1640,1615,1576,1528,1480,1429,1381,1338,1298,1256,1213,1169,1122,1074,1026,978,931,888,847,806,766,723,675,625,576,528,486,452,425,398,373,347,318,287,259,233,208,188,170,153,137,122,106,91,76,65,56,45,32,24,21,17,13,7,13
14342,Estimates,Micronesia (Fed. States of),,583,Country/Area,954,2020,3,2,2,2,2,2,2,2,2,2,2,2,2,2,2,2,2,2,2,2,2,2,2,2,2,2,2,2,2,2,2,2,2,2,2,1,1,1,1,1,1,1,1,1,1,1,1,1,1,1,1,1,1,1,1,1,1,1,1,1,1,1,1,1,1,1,1,1,0,0,0,0,0,0,0,0,0,0,0,0,0,0,0,0,0,0,0,0,0,0,0,0,0,0,0,0,0,0,0,0,0
9443,Estimates,Mongolia,,496,Country/Area,906,2020,70,74,76,77,78,77,75,73,70,67,63,60,56,53,50,47,44,43,42,43,43,44,45,47,49,50,52,54,56,59,61,63,64,62,59,56,53,50,48,48,47,45,44,44,43,42,41,40,39,38,36,35,33,32,32,31,31,30,28,26,23,21,19,18,16,15,13,12,11,10,9,8,7,6,6,6,5,5,4,4,3,3,3,2,2,2,1,1,1,1,1,0,0,0,0,0,0,0,0,0,0
16969,Estimates,Montenegro,,499,Country/Area,925,2020,8,7,7,7,7,7,7,7,7,8,8,8,8,8,8,8,8,8,8,8,8,8,8,8,8,9,9,9,9,9,8,8,8,9,9,9,9,9,9,9,9,9,9,8,8,8,8,8,8,8,8,8,7,8,8,8,8,9,9,8,8,8,8,8,8,8,8,8,7,7,6,5,5,4,4,4,3,3,3,3,3,3,3,3,2,2,2,1,1,1,1,0,0,0,0,0,0,0,0,0,0
6035,Estimates,Morocco,,504,Country/Area,912,2020,619,650,673,687,696,698,695,689,679,667,652,634,620,612,608,604,600,595,589,582,576,570,569,574,585,594,604,609,605,596,587,576,568,566,565,564,562,555,541,522,504,485,469,456,447,436,426,417,409,402,395,389,383,380,377,374,371,366,359,349,338,327,315,301,285,270,254,236,215,192,170,147,129,120,117,113,110,106,98,88,79,71,62,54,45,36,27,20,15,12,8,5,4,3,1,1,0,0,0,0,0
2627,Estimates,Mozambique,,508,Country/Area,910,2020,1086,1057,1030,1004,979,956,933,912,891,870,850,830,811,791,772,752,733,711,686,659,632,606,580,558,536,515,495,475,457,440,423,406,391,377,364,351,339,326,312,298,284,270,257,244,233,221,210,200,190,181,172,164,156,149,142,136,130,124,117,111,105,100,94,90,86,82,78,74,70,65,61,57,53,48,44,40,35,31,28,24,21,18,15,12,10,8,6,4,3,2,1,1,1,0,0,0,0,0,0,0,0
10011,Estimates,Myanmar,,104,Country/Area,920,2020,932,910,896,887,884,885,891,900,911,925,940,955,970,984,997,1009,1021,1024,1017,1001,985,967,950,935,922,908,893,880,867,856,845,834,824,816,809,802,796,789,783,776,769,762,754,743,732,720,707,693,678,663,647,631,612,592,570,547,524,502,483,466,447,428,410,391,373,355,337,316,289,257,227,197,172,154,142,129,118,107,95,83,73,64,55,47,40,33,26,21,16,12,9,6,5,3,2,1,1,1,0,0,0
4331,Estimates,Namibia,,516,Country/Area,913,2020,67,67,68,67,67,66,65,64,63,61,60,58,56,55,53,51,49,48,48,48,49,49,49,49,48,47,47,46,45,44,42,41,40,38,36,35,33,32,30,29,28,27,26,25,24,23,22,21,20,19,18,17,16,16,15,15,14,14,13,12,12,11,10,10,9,8,8,7,7,6,6,5,5,4,4,4,4,3,3,3,2,2,2,2,1,1,1,1,1,0,0,0,0,0,0,0,0,0,0,0,0
8662,Estimates,Nepal,,524,Country/Area,5501,2020,545,542,540,540,541,543,546,550,556,562,569,575,584,595,608,620,630,639,647,653,657,660,655,638,612,586,559,532,506,482,457,432,410,392,378,365,352,342,335,331,327,325,321,316,309,303,297,290,283,276,269,261,253,245,236,227,218,209,200,190,181,171,163,157,151,146,141,134,127,118,109,101,93,88,83,79,75,69,62,53,44,36,29,24,20,16,13,10,8,6,4,3,3,2,1,1,0,0,0,0,0
17821,Estimates,Netherlands,28,528,Country/Area,926,2020,169,170,172,173,175,176,177,179,180,182,183,184,186,190,194,198,202,205,206,205,204,202,202,205,208,211,214,216,217,217,217,217,217,214,211,209,206,204,202,200,198,197,198,202,209,216,223,230,236,242,248,253,257,258,257,256,254,251,247,242,236,230,225,219,214,209,202,198,197,199,199,201,197,186,170,154,138,124,115,109,102,95,88,81,73,66,59,53,46,39,31,25,22,17,11,8,7,6,4,2,3
13845,Estimates,New Caledonia,2,540,Country/Area,928,2020,4,4,4,4,4,4,4,4,4,4,4,4,4,4,4,4,4,4,4,4,5,5,5,5,4,4,4,4,4,4,4,4,4,4,4,4,4,4,4,4,4,4,4,4,4,4,4,4,4,4,4,4,4,4,4,3,3,3,3,3,3,3,3,2,2,2,2,2,2,2,2,2,2,2,1,1,1,1,1,1,1,1,1,0,0,0,0,0,0,0,0,0,0,0,0,0,0,0,0,0,0
13561,Estimates,New Zealand,16,554,Country/Area,927,2020,60,60,60,61,61,62,62,63,63,64,64,65,65,64,63,62,60,60,60,61,63,64,65,66,67,68,70,70,70,69,67,66,65,64,62,61,60,59,58,57,56,55,54,56,58,60,62,64,64,63,63,62,62,62,63,64,64,64,63,61,60,58,56,55,53,51,49,48,47,46,46,45,44,41,38,35,32,29,27,25,23,21,19,18,16,14,12,11,10,8,7,7,6,5,3,2,2,1,1,0,1
12283,Estimates,Nicaragua,,558,Country/Area,916,2020,129,131,132,132,133,133,133,132,132,131,130,129,128,126,125,123,122,120,119,119,118,117,117,117,117,117,117,117,116,114,113,111,110,108,107,106,104,102,99,95,91,88,84,81,78,74,71,68,65,62,60,57,54,52,51,49,48,47,45,44,43,42,40,38,36,34,33,30,28,24,21,18,15,15,14,14,14,14,13,12,11,9,8,8,7,6,5,4,4,3,3,2,2,1,1,1,1,0,0,0,0
5325,Estimates,Niger,,562,Country/Area,914,2020,1030,992,956,922,888,855,824,793,764,735,707,680,653,626,600,575,550,526,503,480,458,437,417,397,378,360,342,325,309,294,279,266,253,240,228,217,206,197,190,184,178,174,168,162,156,150,144,138,132,127,121,116,111,108,106,103,101,99,94,88,83,77,73,69,66,62,59,56,52,48,45,41,38,34,31,28,24,21,18,15,13,10,8,6,5,4,3,2,1,1,1,0,0,0,0,0,0,0,0,0,0
5396,Estimates,Nigeria,,566,Country/Area,914,2020,7094,6945,6791,6634,6475,6313,6149,5983,5818,5651,5485,5317,5153,4996,4842,4690,4541,4388,4227,4063,3904,3748,3601,3469,3347,3229,3115,3011,2919,2835,2755,2679,2607,2536,2467,2401,2337,2270,2196,2119,2043,1969,1893,1816,1738,1662,1587,1513,1442,1374,1307,1241,1181,1130,1084,1039,996,953,908,862,818,775,732,688,644,601,558,518,480,445,411,378,344,310,274,241,209,179,152,127,103,81,63,48,37,28,20,13,9,6,3,2,2,1,1,0,0,0,0,0,0
17040,Estimates,North Macedonia,,807,Country/Area,925,2020,21,22,23,23,23,23,23,23,23,23,23,22,22,22,23,23,24,24,25,25,25,25,26,27,28,29,30,31,31,32,32,32,32,33,33,33,33,33,33,32,32,31,31,30,30,30,29,29,29,29,29,29,29,29,29,28,28,28,27,27,27,26,26,25,25,25,24,24,22,21,19,17,15,14,14,13,12,11,10,9,8,8,7,6,5,4,3,3,2,2,1,1,1,0,0,0,0,0,0,0,0
16259,Estimates,Norway,23,578,Country/Area,924,2020,60,60,60,61,61,62,62,63,63,63,64,64,65,64,64,64,63,64,65,66,68,70,71,72,73,73,74,75,75,75,76,76,76,75,75,74,73,73,72,71,70,69,68,69,71,73,75,76,77,77,77,77,76,75,73,71,68,66,65,65,64,64,63,61,59,57,55,54,54,55,55,56,55,52,48,44,39,35,32,30,27,25,22,20,19,17,16,14,13,11,9,8,7,6,4,3,3,2,2,1,1
7100,Estimates,Oman,,512,Country/Area,922,2020,99,94,90,87,84,81,78,76,73,71,69,68,65,60,53,48,43,40,41,44,47,50,59,76,98,119,140,157,168,173,177,182,181,171,156,141,124,110,101,97,91,85,80,75,70,65,61,57,53,48,43,39,35,33,31,30,29,27,25,23,21,20,18,16,15,13,12,11,9,8,7,6,5,5,5,5,5,5,5,4,4,3,2,2,2,2,1,1,1,1,1,1,1,0,0,0,0,0,0,0,0
8733,Estimates,Pakistan,,586,Country/Area,5501,2020,5804,5697,5590,5487,5385,5286,5190,5097,5007,4920,4837,4757,4683,4617,4558,4500,4443,4391,4344,4299,4255,4209,4160,4105,4044,3980,3915,3841,3757,3665,3571,3475,3372,3259,3141,3023,2903,2790,2688,2594,2501,2410,2321,2234,2149,2068,1989,1918,1856,1802,1749,1698,1647,1595,1542,1490,1439,1384,1322,1256,1190,1127,1060,988,914,842,770,709,666,635,604,575,544,510,473,439,408,374,336,296,259,222,188,159,134,111,89,70,54,42,29,21,17,12,6,3,3,2,1,1,1
12354,Estimates,Panama,,591,Country/Area,916,2020,77,78,78,78,78,78,77,77,76,76,75,74,74,73,73,72,72,71,71,71,71,71,70,69,68,67,66,66,65,65,64,64,64,63,62,62,61,60,60,59,59,58,58,57,56,56,55,54,53,51,50,48,47,45,44,43,41,40,38,37,35,33,32,30,29,27,26,25,23,22,21,19,18,17,16,15,14,13,12,11,10,10,9,8,7,6,6,5,4,4,3,3,3,2,2,1,1,1,1,0,1
13916,Estimates,Papua New Guinea,,598,Country/Area,928,2020,229,225,221,218,215,213,211,209,207,205,203,201,199,197,194,191,188,185,182,179,175,172,168,163,158,153,147,143,139,136,133,130,127,125,123,121,119,117,115,112,108,105,102,99,96,92,89,85,82,79,76,73,70,67,64,61,59,56,53,51,48,46,43,41,38,36,34,31,28,26,23,20,18,16,14,12,11,9,8,7,6,5,4,3,3,2,2,1,1,1,0,0,0,0,0,0,0,0,0,0,0
13064,Estimates,Paraguay,,600,Country/Area,931,2020,143,141,140,139,138,137,137,136,136,136,136,136,136,135,134,133,131,131,132,133,135,136,137,136,134,132,130,128,127,125,124,122,119,117,114,110,107,103,99,94,90,85,81,77,73,70,66,63,61,61,60,59,59,57,56,54,53,52,50,49,47,46,44,43,41,40,38,37,35,32,30,27,25,23,22,20,19,17,16,14,13,12,11,10,8,7,6,5,4,3,3,2,2,2,1,1,1,0,0,0,0
13135,Estimates,Peru,,604,Country/Area,931,2020,621,586,559,540,528,521,519,520,524,529,536,548,551,540,521,504,486,477,480,492,502,513,523,531,538,546,553,558,557,553,549,544,538,533,529,523,516,509,500,490,481,470,460,450,440,430,419,409,399,389,379,369,359,348,337,326,316,305,293,282,270,258,248,239,232,224,217,208,196,183,169,156,144,135,127,120,112,105,97,90,83,76,69,62,55,47,41,34,29,24,18,14,12,9,6,4,3,3,2,1,1
10082,Estimates,Philippines,,608,Country/Area,920,2020,1955,2061,2144,2206,2250,2277,2289,2290,2280,2262,2236,2202,2173,2154,2142,2125,2106,2089,2077,2066,2053,2039,2023,2005,1984,1962,1940,1908,1862,1806,1751,1695,1642,1598,1560,1521,1481,1446,1416,1390,1365,1342,1315,1283,1247,1213,1178,1147,1122,1100,1078,1055,1029,996,959,922,884,848,814,782,748,715,680,644,606,569,532,496,461,428,395,363,332,301,271,243,215,191,172,157,143,131,118,102,86,71,57,46,37,30,23,19,15,12,7,5,4,3,2,1,2
15194,Estimates,Poland,,616,Country/Area,923,2020,391,380,374,370,370,371,375,380,385,389,395,404,405,394,376,361,345,337,340,352,363,375,390,409,430,453,477,498,513,525,537,548,561,580,601,619,637,647,644,632,620,606,592,577,563,548,532,516,499,482,466,451,441,439,442,445,447,457,476,500,523,546,559,556,542,527,510,491,471,451,428,406,378,342,302,263,222,193,183,184,185,187,184,173,155,140,125,111,97,84,69,57,49,38,25,17,15,12,8,4,5
17111,Estimates,Portugal,,620,Country/Area,925,2020,78,79,80,81,83,84,86,88,90,92,94,96,98,100,101,103,104,105,106,107,108,108,108,108,107,107,107,106,107,107,108,109,111,114,118,122,126,130,135,140,145,150,154,157,160,162,164,164,162,158,154,149,146,146,148,148,149,149,147,143,140,137,134,132,130,128,126,124,122,121,119,117,115,110,105,100,94,89,85,82,79,75,71,66,61,56,51,45,39,33,26,20,17,13,9,6,5,4,3,1,2
11431,Estimates,Puerto Rico,14,630,Country/Area,915,2020,12,14,16,19,22,25,28,31,34,37,40,42,44,43,42,40,39,37,35,33,31,29,28,27,28,28,29,29,29,30,30,31,31,32,33,33,34,35,36,37,38,39,40,40,40,40,40,40,41,41,42,43,43,42,42,41,41,40,40,40,40,40,40,39,37,35,33,32,32,32,32,33,32,31,29,27,25,23,21,20,18,17,16,14,13,12,11,9,8,7,6,5,5,4,3,2,2,2,1,1,2
7171,Estimates,Qatar,,634,Country/Area,922,2020,26,27,27,28,28,28,27,27,27,26,26,26,25,24,21,20,18,19,22,27,32,37,45,55,68,80,92,100,104,104,104,104,101,96,90,83,75,68,64,61,57,53,50,48,46,45,43,42,40,37,35,33,31,29,27,24,22,20,18,16,14,12,11,9,8,7,6,5,5,4,4,3,3,2,2,1,1,1,1,0,0,1,1,0,0,0,0,0,0,0,0,0,0,0,0,0,0,0,0,0,0
9514,Estimates,Republic of Korea,,410,Country/Area,906,2020,317,355,386,410,428,441,449,454,456,456,455,453,453,455,460,465,469,482,511,549,586,623,653,672,683,695,709,712,702,683,664,642,636,653,687,717,750,774,780,776,774,771,775,791,813,833,853,866,871,870,869,866,863,860,857,851,841,831,823,815,804,794,771,729,676,624,570,524,492,468,444,419,397,378,361,345,330,315,296,276,257,239,219,196,172,149,126,105,88,73,57,44,37,28,19,13,11,9,6,3,4
15265,Estimates,Republic of Moldova,18,498,Country/Area,923,2020,37,39,41,42,43,44,44,44,45,44,44,44,44,43,42,41,40,40,40,42,43,45,48,51,54,58,61,65,70,75,80,84,87,85,82,78,74,70,68,66,64,62,60,58,57,55,54,53,51,49,47,45,45,47,50,54,57,59,59,57,55,52,50,50,50,50,51,49,44,37,30,23,18,17,17,17,17,17,16,14,13,12,11,10,8,7,6,5,4,3,3,2,2,1,1,0,0,0,0,0,0
2698,Estimates,Réunion,2,638,Country/Area,910,2020,12,13,13,13,13,13,13,14,14,14,14,13,13,14,14,14,14,14,14,14,14,13,13,12,12,12,11,11,11,10,10,10,10,10,10,10,10,10,10,11,11,11,12,12,12,12,12,12,12,12,13,13,13,13,13,13,12,12,12,11,11,10,10,10,9,9,9,8,8,7,7,6,5,5,5,4,4,4,4,3,3,3,3,2,2,2,2,2,1,1,1,1,1,1,0,0,0,0,0,0,0
15336,Estimates,Romania,,642,Country/Area,923,2020,200,191,185,182,182,184,188,192,198,204,210,218,222,219,212,206,200,196,195,197,199,201,203,203,203,203,202,207,222,242,262,285,295,287,267,249,229,221,233,257,279,301,316,317,311,305,297,294,299,307,315,323,321,300,268,238,206,188,195,216,235,254,267,270,265,262,259,253,243,229,215,201,186,171,156,141,125,114,111,112,114,116,114,104,90,77,64,53,44,37,29,23,19,14,9,5,5,4,2,1,1
15407,Estimates,Russian Federation,,643,Country/Area,923,2020,1743,1820,1875,1909,1924,1923,1908,1880,1843,1797,1744,1686,1629,1580,1536,1494,1460,1422,1376,1330,1295,1266,1275,1338,1440,1541,1638,1766,1932,2116,2295,2480,2599,2613,2557,2503,2440,2376,2325,2281,2225,2158,2103,2070,2049,2029,2021,1987,1914,1820,1734,1641,1611,1681,1812,1933,2058,2143,2158,2125,2096,2061,2018,1974,1924,1864,1799,1711,1595,1459,1326,1195,1069,953,848,743,631,568,580,637,691,759,773,697,566,448,327,235,194,186,179,169,146,111,63,33,27,21,14,7,9
2769,Estimates,Rwanda,,646,Country/Area,910,2020,403,388,375,364,355,347,340,335,329,325,321,317,313,305,296,287,278,270,263,256,250,244,237,230,223,215,208,203,201,201,200,200,198,194,187,181,176,168,159,149,139,129,120,113,108,102,98,93,87,81,76,71,68,69,72,74,78,79,75,68,62,55,50,47,45,43,40,38,34,31,27,24,21,19,18,16,15,13,12,9,8,6,5,4,4,4,4,3,3,2,1,0,0,0,0,0,0,0,0,0,0
11502,Estimates,Saint Lucia,,662,Country/Area,915,2020,2,2,2,2,2,2,2,2,2,2,2,2,2,2,2,2,3,3,3,3,3,3,3,3,3,3,3,3,3,3,3,3,3,3,3,3,3,3,3,3,3,3,3,3,3,3,3,3,3,3,3,3,2,2,2,2,2,2,2,2,2,2,2,2,1,1,1,1,1,1,1,1,1,1,1,1,1,1,1,1,1,1,0,0,0,0,0,0,0,0,0,0,0,0,0,0,0,0,0,0,0
11573,Estimates,Saint Vincent and the Grenadines,,670,Country/Area,915,2020,1,2,2,2,2,2,2,2,2,2,2,2,2,2,2,2,2,2,2,2,2,2,2,2,2,2,2,2,2,2,2,2,2,2,2,2,2,2,2,2,2,2,2,1,1,1,1,1,1,1,1,1,1,1,1,1,1,1,1,1,1,1,1,1,1,1,1,1,1,1,1,1,1,1,0,0,0,0,0,0,0,0,0,0,0,0,0,0,0,0,0,0,0,0,0,0,0,0,0,0,0
14555,Estimates,Samoa,,882,Country/Area,957,2020,6,6,5,5,5,5,5,5,5,5,5,5,5,4,4,4,4,4,4,4,4,3,3,3,3,3,3,3,3,3,3,2,2,2,2,2,2,2,2,2,2,2,2,2,2,2,2,2,2,2,2,2,2,2,2,2,2,1,1,1,1,1,1,1,1,1,1,1,1,1,1,1,1,1,0,0,0,0,0,0,0,0,0,0,0,0,0,0,0,0,0,0,0,0,0,0,0,0,0,0,0
3976,Estimates,Sao Tome and Principe,,678,Country/Area,911,2020,6,6,6,6,6,6,6,6,6,6,6,6,6,6,6,5,5,5,5,5,4,4,4,3,3,3,3,3,3,3,3,3,3,3,3,3,3,2,2,2,2,2,2,2,2,2,2,1,1,1,1,2,2,1,1,1,1,1,1,1,1,1,1,1,1,1,1,1,0,0,0,0,0,0,0,0,0,0,0,0,0,0,0,0,0,0,0,0,0,0,0,0,0,0,0,0,0,0,0,0,0
7242,Estimates,Saudi Arabia,,682,Country/Area,922,2020,571,588,600,608,611,610,606,598,588,576,562,548,531,511,489,468,449,436,431,434,438,443,456,482,514,547,582,612,633,648,664,680,692,699,703,704,702,703,711,722,730,735,730,708,674,641,605,568,529,489,448,406,370,344,324,305,287,268,245,221,198,177,159,147,138,129,122,113,102,88,76,64,55,50,48,45,44,42,37,32,28,24,21,18,15,13,11,9,7,6,5,4,3,2,1,1,1,1,0,0,0
5467,Estimates,Senegal,,686,Country/Area,914,2020,530,528,525,520,513,505,495,484,473,460,447,434,420,406,392,378,364,351,340,331,322,313,304,295,286,277,269,261,253,245,237,229,222,215,208,202,196,189,181,172,164,155,147,141,135,129,123,118,112,107,102,98,93,89,85,81,77,73,70,66,63,60,57,54,52,49,47,44,41,38,35,31,29,26,24,23,21,19,17,15,13,11,9,7,6,5,3,3,2,1,1,1,0,0,0,0,0,0,0,0,0
17182,Estimates,Serbia,25,688,Country/Area,925,2020,86,84,83,83,83,84,85,87,89,91,93,96,98,99,100,101,102,103,103,104,104,104,105,107,109,111,112,114,117,119,121,124,125,125,123,121,119,118,119,121,123,124,125,125,124,124,123,122,121,119,117,115,114,113,112,111,111,110,110,109,108,107,108,110,115,118,122,122,119,113,107,101,94,85,76,67,57,50,46,46,45,44,43,39,34,29,25,21,17,14,10,7,5,4,2,1,1,1,0,0,0
2840,Estimates,Seychelles,,690,Country/Area,910,2020,2,2,2,2,2,2,2,2,2,2,2,2,2,1,1,1,1,1,1,1,1,1,1,1,1,1,1,1,1,1,1,1,1,1,1,1,1,1,1,1,1,1,1,1,1,2,2,1,1,1,1,1,1,1,1,1,1,1,1,1,1,1,1,1,1,1,1,1,1,0,0,0,0,0,0,0,0,0,0,0,0,0,0,0,0,0,0,0,0,0,0,0,0,0,0,0,0,0,0,0,0
5538,Estimates,Sierra Leone,,694,Country/Area,914,2020,242,236,231,227,223,219,216,213,211,208,205,203,199,195,190,185,180,175,170,165,160,155,150,146,142,138,134,130,126,122,118,114,111,107,103,100,96,93,89,85,81,78,74,71,68,65,63,60,57,55,52,50,47,45,43,41,39,37,35,33,31,29,27,25,24,22,21,20,18,17,16,15,14,13,11,10,9,8,7,6,5,4,4,3,2,2,2,1,1,1,0,0,0,0,0,0,0,0,0,0,0
10153,Estimates,Singapore,,702,Country/Area,920,2020,59,54,51,48,46,45,44,44,44,45,46,48,49,49,49,49,48,50,55,63,69,77,82,84,85,86,87,87,88,87,87,86,86,87,89,90,92,93,93,94,94,94,94,95,97,98,99,100,99,97,95,93,92,93,94,95,96,97,96,95,93,91,89,87,84,81,77,73,66,58,51,43,36,32,28,25,21,19,17,17,16,16,15,14,12,11,9,8,7,6,5,4,3,3,2,1,1,1,1,0,1
15478,Estimates,Slovakia,,703,Country/Area,923,2020,57,57,57,56,56,56,56,57,57,57,57,57,57,56,55,53,52,52,52,53,54,55,57,60,64,67,71,74,76,78,79,81,82,84,85,86,86,87,88,90,92,93,93,92,89,86,84,81,78,75,72,69,68,68,69,71,72,73,73,73,73,73,72,72,72,71,70,68,65,60,56,51,47,43,41,38,35,32,30,27,24,22,20,18,16,15,13,11,10,8,6,5,4,3,2,1,1,1,0,0,0
17253,Estimates,Slovenia,,705,Country/Area,925,2020,19,20,20,21,21,22,22,22,22,22,22,21,21,21,20,19,18,18,18,18,19,19,19,20,20,20,21,22,23,24,25,26,27,28,28,29,29,30,30,31,32,32,32,32,31,30,29,29,29,29,30,30,30,30,30,30,30,30,30,30,29,29,29,29,29,29,29,29,27,25,23,21,19,18,18,17,17,16,15,14,14,13,12,11,10,9,8,8,7,5,4,3,3,2,1,1,1,1,0,0,0
13987,Estimates,Solomon Islands,,90,Country/Area,928,2020,21,21,21,20,20,20,19,19,18,17,17,16,16,15,15,15,14,14,14,13,13,13,12,12,11,11,11,10,10,9,9,9,8,8,8,8,8,8,8,8,8,8,7,7,7,7,7,6,6,6,5,5,4,4,4,4,4,4,3,3,3,3,3,3,2,2,2,2,2,2,2,2,1,1,1,1,1,1,1,1,1,1,0,0,0,0,0,0,0,0,0,0,0,0,0,0,0,0,0,0,0
2911,Estimates,Somalia,,706,Country/Area,910,2020,615,587,562,541,521,505,490,476,465,454,444,435,426,414,400,388,375,363,352,342,331,321,309,294,278,261,245,230,217,206,194,183,173,163,155,146,139,132,127,122,119,115,112,109,106,104,102,99,96,92,88,85,81,78,75,71,68,65,62,60,57,55,53,50,48,45,43,40,37,35,32,29,27,24,22,19,17,15,13,11,10,8,7,6,5,4,3,2,2,1,1,1,1,0,0,0,0,0,0,0,0
4402,Estimates,South Africa,,710,Country/Area,913,2020,1126,1144,1157,1166,1172,1174,1172,1167,1159,1149,1136,1124,1106,1080,1050,1021,991,970,964,967,970,974,982,992,1005,1018,1030,1043,1057,1069,1079,1088,1087,1072,1048,1022,995,962,923,880,836,790,752,725,707,687,668,649,626,602,580,558,538,518,499,480,461,443,426,409,392,376,359,342,326,309,293,276,256,235,214,194,176,161,150,139,128,117,105,92,80,69,59,49,41,33,26,20,15,11,7,4,3,2,1,0,0,0,0,0,0
2982,Estimates,South Sudan,,728,Country/Area,910,2020,357,349,341,334,327,320,314,308,301,295,289,283,277,270,262,254,246,239,233,229,224,219,213,207,200,193,187,180,174,167,161,155,149,143,136,129,123,117,112,109,105,102,99,95,91,88,84,81,78,75,72,69,66,64,61,58,55,53,50,48,45,43,40,38,35,33,30,28,27,26,25,24,23,21,19,17,16,14,12,11,9,8,7,6,5,4,3,2,2,1,1,1,1,0,0,0,0,0,0,0,0
17324,Estimates,Spain,26,724,Country/Area,925,2020,395,392,394,400,409,421,435,449,463,477,490,506,512,504,486,469,451,439,437,441,445,448,452,454,456,460,466,472,478,485,493,502,517,540,568,596,623,653,688,724,758,792,815,821,815,808,799,788,777,766,752,735,721,714,710,704,698,688,672,651,631,611,590,566,541,517,491,472,462,460,456,453,446,433,416,399,384,365,343,319,295,269,249,239,236,231,228,218,196,167,136,112,97,76,50,34,29,23,17,9,13
8804,Estimates,Sri Lanka,,144,Country/Area,5501,2020,333,332,331,332,333,334,336,338,340,342,343,345,345,345,343,341,339,335,329,321,312,304,297,292,290,287,285,282,278,274,271,267,267,271,277,283,289,294,299,302,306,310,310,304,294,285,274,267,265,266,266,266,265,262,259,255,251,248,244,240,235,231,225,216,207,197,186,178,171,167,162,157,149,137,122,108,94,82,71,63,55,47,40,35,31,27,24,22,18,15,12,9,8,6,3,2,2,1,1,0,1
7313,Estimates,State of Palestine,7,275,Country/Area,922,2020,135,138,140,140,140,139,137,135,132,129,126,122,118,115,112,108,105,102,101,101,101,100,100,99,98,98,97,95,91,87,82,78,73,70,67,64,61,58,56,55,53,51,50,48,46,44,42,40,38,37,36,35,33,32,31,29,28,26,25,23,21,19,17,16,15,14,13,13,12,11,11,10,10,9,8,7,7,6,5,5,4,4,3,3,2,2,1,1,1,1,0,0,0,0,0,0,0,0,0,0,0
6106,Estimates,Sudan,,729,Country/Area,912,2020,1320,1292,1266,1242,1219,1197,1177,1157,1138,1120,1102,1084,1066,1046,1026,1005,984,962,938,912,886,859,832,805,777,749,722,694,665,636,607,579,554,536,522,509,496,482,467,450,434,419,405,391,378,364,351,339,328,317,307,297,286,274,261,249,237,225,214,204,194,184,175,166,157,149,141,132,124,115,107,99,91,83,76,69,62,55,49,43,38,33,28,24,20,17,13,11,8,7,5,4,3,2,1,1,1,1,0,0,0
13206,Estimates,Suriname,,740,Country/Area,931,2020,10,10,10,11,11,11,11,11,11,10,10,10,10,10,10,10,10,10,10,10,10,10,10,10,10,10,10,9,9,9,9,9,9,8,8,8,8,8,8,8,7,7,7,7,7,7,8,8,8,7,7,7,6,6,7,7,7,7,6,6,5,5,4,4,4,3,3,3,3,3,3,2,2,2,2,2,2,1,1,1,1,1,1,1,1,1,1,0,0,0,0,0,0,0,0,0,0,0,0,0,0
16330,Estimates,Sweden,,752,Country/Area,924,2020,122,121,120,119,119,119,118,118,119,118,119,119,118,116,114,112,110,108,106,105,104,102,104,112,123,134,145,152,153,149,145,142,138,135,133,130,127,125,123,122,121,121,121,122,125,127,129,131,133,135,136,138,138,136,133,129,126,123,121,119,117,116,114,111,109,107,104,103,105,109,112,116,117,113,106,100,93,86,79,73,66,59,53,48,44,40,36,32,29,25,21,18,16,13,9,6,6,5,3,2,2
17892,Estimates,Switzerland,,756,Country/Area,926,2020,90,91,91,90,90,89,88,87,85,84,83,82,81,81,82,82,83,84,86,89,91,94,97,100,103,106,109,112,114,115,117,118,119,121,123,124,126,126,124,121,118,115,112,112,114,115,116,118,121,126,130,135,138,138,136,134,133,130,126,121,117,112,107,102,98,94,89,86,86,86,86,87,86,83,79,75,70,66,62,58,54,49,45,42,39,35,32,29,26,22,19,16,14,11,7,5,4,3,2,1,2
7384,Estimates,Syrian Arab Republic,,760,Country/Area,922,2020,426,399,378,363,352,346,342,341,343,345,349,356,357,350,338,327,316,309,309,314,319,324,326,321,314,307,299,295,296,300,304,307,307,304,299,293,288,280,269,257,244,231,218,207,196,185,174,165,158,152,147,142,137,133,130,127,124,120,115,109,103,97,92,88,84,81,77,73,67,59,52,45,40,37,35,33,32,30,27,24,22,19,17,15,13,11,10,8,7,5,4,3,2,2,1,1,0,0,0,0,0
7952,Estimates,Tajikistan,,762,Country/Area,5500,2020,271,274,274,271,267,261,254,245,236,225,215,204,194,186,178,171,163,159,158,161,163,167,169,168,167,165,163,162,162,163,163,163,161,154,145,136,127,119,113,108,103,98,94,90,88,86,84,82,80,79,77,76,75,73,72,70,68,66,64,60,57,54,50,45,41,36,32,27,24,22,20,18,16,14,12,10,9,7,7,7,7,7,6,6,4,4,3,2,1,1,1,1,1,1,0,0,0,0,0,0,0
10224,Estimates,Thailand,,764,Country/Area,920,2020,701,710,719,728,738,748,758,769,779,790,801,813,824,833,842,851,858,870,889,912,933,954,969,976,976,977,979,974,957,935,913,891,879,884,900,915,931,950,972,995,1020,1045,1067,1083,1095,1106,1115,1123,1129,1133,1134,1134,1127,1112,1091,1068,1041,1015,991,968,942,915,881,839,791,743,694,648,605,566,527,488,453,421,393,365,339,315,293,272,253,235,216,195,172,150,129,110,94,80,65,54,46,36,24,16,13,11,8,5,9
10295,Estimates,Timor-Leste,,626,Country/Area,920,2020,40,37,35,34,32,32,31,31,30,30,30,31,31,31,31,31,31,31,30,29,28,27,26,25,25,24,24,23,22,21,20,19,18,17,16,16,15,14,13,12,11,9,9,9,9,10,11,11,11,11,10,10,10,9,9,9,8,8,8,7,7,7,6,6,5,5,4,4,4,4,4,4,4,4,3,3,2,2,2,2,1,1,1,1,1,1,0,0,0,0,0,0,0,0,0,0,0,0,0,0,0
5609,Estimates,Togo,,768,Country/Area,914,2020,254,248,244,239,235,231,228,224,220,217,213,210,205,201,195,190,184,178,172,166,160,154,148,143,138,134,129,125,123,120,118,116,114,111,108,105,103,100,96,93,90,86,83,79,76,73,69,66,63,60,57,54,51,48,46,43,41,39,37,35,33,31,30,28,26,25,23,22,20,19,17,16,14,13,12,10,9,8,7,6,5,4,3,2,2,1,1,1,1,0,0,0,0,0,0,0,0,0,0,0,0
14626,Estimates,Tonga,,776,Country/Area,957,2020,2,2,2,2,2,2,2,2,2,2,2,2,2,2,2,2,2,2,2,2,2,2,2,2,2,2,2,1,1,1,1,1,1,1,1,1,1,1,1,1,1,1,1,1,1,1,1,1,1,1,1,1,1,1,1,1,1,1,1,1,1,1,1,1,1,1,0,0,0,0,0,0,0,0,0,0,0,0,0,0,0,0,0,0,0,0,0,0,0,0,0,0,0,0,0,0,0,0,0,0,0
11644,Estimates,Trinidad and Tobago,,780,Country/Area,915,2020,17,17,18,18,19,19,19,19,19,19,19,19,19,19,19,18,18,18,18,17,17,17,17,17,18,18,19,19,20,21,22,23,23,24,25,25,26,26,25,24,22,21,20,19,19,19,18,18,18,17,17,16,16,17,17,18,19,19,19,18,17,16,15,14,14,13,13,12,11,11,10,9,9,8,8,7,7,6,5,5,4,4,3,3,2,2,2,1,1,1,1,1,1,0,0,0,0,0,0,0,0
6177,Estimates,Tunisia,,788,Country/Area,912,2020,183,196,204,210,212,211,209,204,198,192,184,175,168,164,162,159,157,156,156,158,159,161,164,167,171,175,179,183,184,184,183,183,183,187,192,196,201,202,197,190,183,175,168,163,158,152,147,143,142,142,143,144,144,142,139,137,134,131,127,122,117,112,107,103,99,95,92,87,79,71,63,54,48,44,42,39,37,35,33,30,28,26,24,22,19,17,14,12,10,8,6,4,3,2,1,1,1,1,0,0,0
7455,Estimates,Turkey,,792,Country/Area,922,2020,1257,1292,1320,1341,1357,1366,1372,1373,1372,1369,1363,1354,1349,1351,1357,1360,1363,1365,1367,1367,1367,1368,1362,1347,1327,1307,1286,1271,1268,1272,1275,1277,1279,1281,1283,1284,1286,1282,1272,1256,1240,1222,1203,1182,1161,1138,1115,1089,1062,1034,1005,976,948,924,902,880,858,833,806,776,747,717,688,660,634,607,581,552,520,486,453,420,390,365,342,320,298,277,255,234,213,194,175,157,139,122,106,91,75,60,43,30,24,18,10,6,5,4,2,1,1
8023,Estimates,Turkmenistan,,795,Country/Area,5500,2020,115,127,136,141,143,142,140,136,130,124,116,108,102,99,99,99,99,98,96,93,91,89,89,93,98,103,109,112,113,111,110,108,106,103,98,94,89,85,83,81,80,78,76,74,71,68,66,63,62,60,59,58,57,56,54,53,52,51,49,47,45,43,40,38,35,32,30,27,24,21,18,16,13,11,10,9,7,6,6,6,7,7,7,6,5,4,3,2,2,2,1,1,1,1,0,0,0,0,0,0,0
3053,Estimates,Uganda,,800,Country/Area,910,2020,1610,1586,1561,1534,1506,1476,1445,1413,1380,1346,1311,1275,1239,1202,1165,1127,1090,1052,1013,975,937,899,863,830,799,768,738,709,679,650,622,595,569,543,519,495,472,449,428,408,389,370,353,335,318,302,287,272,259,247,236,225,214,202,190,178,167,157,147,138,129,121,113,106,99,93,87,82,75,69,63,57,52,47,42,38,34,30,26,22,18,15,12,10,8,7,6,4,3,2,1,1,1,0,0,0,0,0,0,0,0
15549,Estimates,Ukraine,19,804,Country/Area,923,2020,370,401,427,449,467,481,492,499,502,502,500,498,489,470,446,423,399,384,383,391,400,410,425,444,467,490,514,544,581,623,663,704,733,743,741,739,734,727,718,707,694,679,665,654,645,636,628,618,602,585,569,552,546,557,579,599,621,633,631,619,608,594,582,575,569,561,552,534,503,462,423,383,348,319,296,271,245,229,230,240,249,263,260,230,185,143,99,67,53,51,51,48,41,31,17,9,7,6,4,2,2
7526,Estimates,United Arab Emirates,,784,Country/Area,922,2020,93,98,101,103,104,105,104,103,101,99,97,96,93,87,81,76,72,72,79,91,103,116,135,164,198,230,263,292,315,334,351,368,373,363,342,320,295,272,252,235,215,195,178,167,161,154,148,141,131,119,108,97,88,83,80,77,74,70,64,57,50,43,37,31,25,19,13,9,8,7,7,8,8,7,6,5,5,4,3,3,2,2,1,1,1,1,1,1,1,1,0,0,0,0,0,0,0,0,0,0,0
16401,Estimates,United Kingdom,24,826,Country/Area,924,2020,744,769,790,805,816,823,827,827,824,819,812,806,795,780,763,747,729,723,733,754,775,797,818,835,851,867,884,899,912,923,933,942,946,946,941,935,929,921,908,895,881,868,857,852,850,849,846,851,865,885,904,922,935,939,936,932,929,917,895,866,837,807,779,753,729,704,676,660,664,678,691,706,702,670,620,571,521,478,447,425,400,374,348,321,293,267,241,216,190,164,137,117,101,80,55,39,34,27,20,11,16
3124,Estimates,United Republic of Tanzania,3,834,Country/Area,910,2020,2057,1998,1943,1893,1847,1804,1763,1724,1686,1648,1612,1577,1537,1490,1438,1388,1338,1287,1236,1185,1135,1085,1043,1011,988,965,943,920,893,863,834,807,780,754,727,701,676,651,627,604,582,560,537,515,492,469,447,426,406,387,368,349,331,314,298,282,267,252,239,226,213,201,190,178,166,155,144,134,125,117,110,103,95,87,78,69,61,53,46,40,34,29,24,19,16,12,9,7,5,3,2,1,1,1,0,0,0,0,0,0,0
18105,Estimates,United States of America,29,840,Country/Area,918,2020,3991,3944,3917,3909,3916,3935,3966,4004,4047,4094,4146,4206,4246,4253,4239,4231,4223,4229,4258,4303,4344,4378,4431,4508,4598,4682,4767,4816,4808,4763,4717,4665,4610,4557,4504,4446,4385,4323,4261,4200,4142,4085,4042,4018,4008,4001,3999,4005,4016,4033,4052,4069,4100,4149,4208,4261,4309,4337,4332,4303,4267,4225,4159,4066,3952,3828,3691,3556,3432,3311,3182,3053,2900,2713,2507,2303,2098,1914,1767,1645,1522,1405,1290,1177,1067,963,866,775,692,615,537,487,429,350,248,182,160,131,97,56,97
11715,Estimates,United States Virgin Islands,14,850,Country/Area,915,2020,1,1,1,1,1,1,1,1,1,1,1,1,1,1,1,1,1,1,1,1,1,1,1,1,1,1,1,1,1,1,1,1,1,1,1,1,1,1,1,1,1,1,1,1,1,1,1,1,1,1,1,1,1,1,1,1,1,1,1,1,2,2,2,1,1,1,1,1,1,1,1,1,1,1,1,1,1,1,1,1,1,1,0,0,0,0,0,0,0,0,0,0,0,0,0,0,0,0,0,0,0
13277,Estimates,Uruguay,,858,Country/Area,931,2020,47,47,48,48,48,48,48,47,47,47,47,46,46,47,47,48,49,49,50,50,50,50,51,51,51,52,52,52,51,51,50,49,48,47,46,45,44,43,44,45,46,47,48,47,47,46,45,44,43,42,41,40,39,39,39,39,39,39,39,38,38,37,36,35,34,32,31,30,29,28,27,26,25,24,23,21,20,19,18,17,16,15,14,13,12,11,11,10,9,8,7,6,5,4,3,2,2,2,1,1,2
8094,Estimates,Uzbekistan,,860,Country/Area,5500,2020,683,688,689,688,684,678,669,658,646,632,618,605,589,568,546,526,505,494,498,512,525,538,554,573,592,611,630,642,644,638,631,623,610,593,573,552,529,507,488,471,453,434,418,405,395,385,376,367,355,342,330,317,308,306,308,308,310,306,296,280,265,249,233,218,203,188,173,156,137,117,97,77,62,55,52,50,48,46,44,40,38,36,34,30,25,21,16,12,10,9,7,6,5,4,2,1,1,1,1,0,0
14058,Estimates,Vanuatu,,548,Country/Area,928,2020,9,9,8,8,8,8,8,8,8,8,8,8,8,7,7,7,6,6,6,6,5,5,5,5,5,5,5,5,5,5,5,5,5,4,4,4,4,4,3,3,3,3,3,3,3,3,3,3,3,2,2,2,2,2,2,2,2,2,2,2,2,1,1,1,1,1,1,1,1,1,1,1,1,1,0,0,0,0,0,0,0,0,0,0,0,0,0,0,0,0,0,0,0,0,0,0,0,0,0,0,0
13348,Estimates,Venezuela (Bolivarian Republic of),,862,Country/Area,931,2020,410,448,479,504,523,536,545,550,551,549,544,536,529,525,523,519,516,507,490,469,449,428,413,406,406,405,404,405,406,409,411,415,416,413,408,402,396,391,388,386,383,380,376,369,361,352,344,337,333,331,329,326,322,316,308,300,292,283,275,266,257,248,237,225,211,198,184,172,161,150,140,130,120,111,102,93,85,77,69,63,56,50,45,40,35,31,27,24,20,17,14,12,10,8,6,4,4,3,2,1,3
10366,Estimates,Viet Nam,,704,Country/Area,920,2020,1592,1587,1581,1572,1561,1549,1534,1519,1501,1483,1465,1448,1427,1396,1362,1333,1307,1290,1284,1288,1294,1297,1328,1402,1500,1594,1692,1759,1773,1752,1733,1711,1686,1664,1643,1615,1584,1552,1521,1492,1461,1428,1400,1380,1364,1348,1333,1313,1288,1258,1228,1198,1170,1147,1126,1103,1079,1052,1021,987,951,915,873,823,769,715,662,606,545,483,423,362,314,285,268,251,238,225,213,200,190,181,173,163,153,144,135,125,111,95,78,63,55,45,34,27,24,20,16,11,24
6248,Estimates,Western Sahara,,732,Country/Area,912,2020,11,11,11,12,12,12,11,11,11,11,10,10,10,10,10,10,10,10,10,10,10,10,10,10,10,11,11,11,11,11,11,11,11,11,11,11,11,11,10,10,10,9,9,9,8,8,8,7,7,7,6,6,6,6,5,5,5,5,4,4,4,4,4,3,3,3,2,2,2,2,1,1,1,1,1,1,1,0,0,0,0,0,0,0,0,0,0,0,0,0,0,0,0,0,0,0,0,0,0,0,0
7597,Estimates,Yemen,,887,Country/Area,922,2020,824,827,826,822,816,808,797,785,771,757,741,725,709,694,680,667,653,640,627,615,602,589,580,577,577,576,576,570,554,532,510,487,465,444,424,403,382,361,342,324,306,289,272,256,240,225,211,199,188,178,169,160,153,148,143,139,135,131,125,119,113,108,102,96,90,85,79,73,69,65,60,57,52,47,42,37,33,28,25,22,19,16,14,11,9,8,6,5,4,3,2,1,1,1,0,0,0,0,0,0,0
3195,Estimates,Zambia,,894,Country/Area,910,2020,603,597,590,582,574,564,554,544,533,522,510,497,485,474,462,451,439,426,411,395,379,363,348,335,322,310,297,286,275,266,256,247,238,230,222,214,206,198,191,184,177,170,162,154,145,137,129,121,113,106,99,92,86,81,77,73,69,66,62,58,54,51,47,44,41,38,36,33,31,29,26,25,23,21,19,17,15,13,12,10,9,8,6,5,4,4,3,2,2,1,1,0,0,0,0,0,0,0,0,0,0
3266,Estimates,Zimbabwe,,716,Country/Area,910,2020,377,405,426,440,449,452,451,445,437,426,412,396,382,370,361,350,338,327,317,307,297,287,277,265,252,240,227,218,212,209,206,203,200,195,190,185,179,174,170,165,160,156,150,141,131,121,111,102,96,91,86,82,77,74,70,67,65,62,59,56,53,50,48,46,44,42,40,38,35,31,28,24,22,21,20,19,19,18,16,14,12,10,9,7,6,5,4,3,2,2,1,1,1,0,0,0,0,0,0,0,0